arm,nfe,complex,n,basis,q0.25@1.0,q0.5@1.0,q1.0@1.0,q0.25@2.0,q0.5@2.0,q1.0@2.0
SigmaDock,25,1G9V_RQ3,40,False,True,True,True,False,False,False
SigmaDock,25,1GKC_NFH,40,False,False,False,False,False,False,False
SigmaDock,25,1GM8_SOX,40,True,True,True,True,False,False,True
SigmaDock,25,1GPK_HUP,40,False,False,False,False,False,False,False
SigmaDock,25,1HNN_SKF,40,True,True,True,True,True,True,True
SigmaDock,25,1HP0_AD3,40,False,False,False,False,False,False,False
SigmaDock,25,1HQ2_PH2,40,True,True,True,True,True,True,True
SigmaDock,25,1HVY_D16,40,False,False,False,True,True,True,True
SigmaDock,25,1HWI_115,40,True,True,True,True,True,True,True
SigmaDock,25,1HWW_SWA,40,False,False,False,False,False,False,False
SigmaDock,25,1IA1_TQ3,40,True,True,True,True,True,True,True
SigmaDock,25,1IG3_VIB,40,True,True,True,True,True,True,True
SigmaDock,25,1J3J_CP6,40,True,True,True,True,True,True,True
SigmaDock,25,1JD0_AZM,40,True,True,True,True,True,True,True
SigmaDock,25,1JJE_BYS,40,True,True,True,True,True,True,True
SigmaDock,25,1JLA_TNK,40,True,True,True,True,True,True,True
SigmaDock,25,1K3U_IAD,40,True,False,False,False,True,True,False
SigmaDock,25,1KE5_LS1,40,True,True,True,True,True,True,True
SigmaDock,25,1KZK_JE2,40,False,False,False,False,False,False,False
SigmaDock,25,1L2S_STC,40,True,True,True,True,True,True,True
SigmaDock,25,1L7F_BCZ,40,True,True,True,True,True,True,True
SigmaDock,25,1LPZ_CMB,40,True,False,False,False,True,True,True
SigmaDock,25,1LRH_NLA,40,True,True,True,True,True,True,True
SigmaDock,25,1M2Z_DEX,40,True,True,True,True,True,True,True
SigmaDock,25,1MEH_MOA,40,False,False,False,False,False,False,False
SigmaDock,25,1MMV_3AR,40,False,False,False,False,False,False,False
SigmaDock,25,1MZC_BNE,40,False,False,False,False,False,False,False
SigmaDock,25,1N1M_A3M,40,True,True,True,True,True,True,True
SigmaDock,25,1N2J_PAF,40,True,True,True,True,True,False,False
SigmaDock,25,1N2V_BDI,40,True,True,True,True,True,True,True
SigmaDock,25,1N46_PFA,40,True,False,False,False,False,False,False
SigmaDock,25,1NAV_IH5,40,True,True,True,True,True,True,True
SigmaDock,25,1OF1_SCT,40,True,True,True,True,True,True,True
SigmaDock,25,1OF6_DTY,40,True,True,True,True,True,True,True
SigmaDock,25,1OPK_P16,40,True,True,True,True,True,True,True
SigmaDock,25,1OQ5_CEL,40,False,False,False,False,False,False,True
SigmaDock,25,1OWE_675,40,True,True,True,True,True,True,True
SigmaDock,25,1OYT_FSN,40,True,True,True,True,True,True,True
SigmaDock,25,1P2Y_NCT,40,False,False,False,False,False,True,True
SigmaDock,25,1P62_GEO,40,False,False,False,False,False,False,False
SigmaDock,25,1PMN_984,40,True,True,True,True,True,True,True
SigmaDock,25,1Q1G_MTI,40,True,True,True,True,True,True,True
SigmaDock,25,1Q41_IXM,40,True,True,True,True,True,True,True
SigmaDock,25,1Q4G_BFL,40,False,False,False,False,False,False,False
SigmaDock,25,1R1H_BIR,40,True,True,True,True,True,True,True
SigmaDock,25,1R55_097,40,True,True,True,True,True,True,True
SigmaDock,25,1R58_AO5,40,True,True,True,True,True,True,True
SigmaDock,25,1R9O_FLP,40,True,True,True,True,True,True,True
SigmaDock,25,1S19_MC9,40,False,False,False,False,False,False,False
SigmaDock,25,1S3V_TQD,40,True,True,True,True,True,True,True
SigmaDock,25,1SG0_STL,40,False,True,True,True,True,True,True
SigmaDock,25,1SJ0_E4D,40,True,True,True,True,True,True,True
SigmaDock,25,1SQ5_PAU,40,False,False,False,False,False,False,False
SigmaDock,25,1SQN_NDR,40,True,True,True,True,True,True,True
SigmaDock,25,1T40_ID5,40,True,True,True,True,True,True,False
SigmaDock,25,1T46_STI,40,True,True,True,True,True,True,True
SigmaDock,25,1T9B_1CS,40,True,True,True,True,True,True,True
SigmaDock,25,1TOW_CRZ,40,True,True,True,True,True,True,True
SigmaDock,25,1TT1_KAI,40,True,True,True,True,True,True,True
SigmaDock,25,1TZ8_DES,40,False,False,False,False,False,False,False
SigmaDock,25,1U1C_BAU,40,True,True,True,True,True,True,True
SigmaDock,25,1U4D_DBQ,40,True,True,True,False,True,True,True
SigmaDock,25,1UML_FR4,40,True,True,True,True,True,True,True
SigmaDock,25,1UNL_RRC,40,True,True,True,True,True,True,True
SigmaDock,25,1UOU_CMU,40,True,True,True,True,True,True,True
SigmaDock,25,1V0P_PVB,40,True,True,True,True,True,True,True
SigmaDock,25,1V48_HA1,40,True,True,True,True,True,True,True
SigmaDock,25,1V4S_MRK,40,True,True,True,True,True,True,True
SigmaDock,25,1VCJ_IBA,40,True,True,True,False,True,True,True
SigmaDock,25,1W1P_GIO,40,False,False,False,False,False,True,False
SigmaDock,25,1W2G_THM,40,True,True,True,True,True,True,True
SigmaDock,25,1X8X_TYR,40,True,True,True,True,True,True,True
SigmaDock,25,1XM6_5RM,40,True,True,True,True,True,True,True
SigmaDock,25,1XOQ_ROF,40,True,True,True,True,True,True,True
SigmaDock,25,1XOZ_CIA,40,True,True,True,True,True,True,True
SigmaDock,25,1Y6B_AAX,40,True,True,True,True,True,True,True
SigmaDock,25,1YGC_905,40,False,False,False,False,False,False,False
SigmaDock,25,1YQY_915,40,True,True,True,True,True,True,True
SigmaDock,25,1YV3_BIT,40,False,False,False,False,False,False,False
SigmaDock,25,1YVF_PH7,40,True,True,True,True,True,True,True
SigmaDock,25,1YWR_LI9,40,True,False,False,False,False,False,False
SigmaDock,25,1Z95_198,40,True,True,True,True,True,True,True
SigmaDock,25,2BM2_PM2,40,False,False,False,False,False,False,False
SigmaDock,25,2BR1_PFP,40,True,True,True,True,True,True,True
SigmaDock,25,2BSM_BSM,40,True,True,True,True,True,True,True
Minimal,25,1G9V_RQ3,40,True,True,True,True,True,True,True
Minimal,25,1GKC_NFH,40,True,True,True,True,True,True,True
Minimal,25,1GM8_SOX,40,True,True,True,True,True,False,False
Minimal,25,1GPK_HUP,40,False,False,False,False,False,False,False
Minimal,25,1HNN_SKF,40,True,True,True,True,True,True,True
Minimal,25,1HP0_AD3,40,False,False,False,True,False,True,True
Minimal,25,1HQ2_PH2,40,True,True,True,True,True,True,True
Minimal,25,1HVY_D16,40,True,True,True,True,False,False,False
Minimal,25,1HWI_115,40,True,False,False,False,True,True,True
Minimal,25,1HWW_SWA,40,True,True,False,False,True,True,True
Minimal,25,1IA1_TQ3,40,True,True,True,True,True,True,True
Minimal,25,1IG3_VIB,40,True,True,True,True,True,True,True
Minimal,25,1J3J_CP6,40,True,True,True,True,True,True,True
Minimal,25,1JD0_AZM,40,True,True,True,True,True,True,True
Minimal,25,1JJE_BYS,40,True,True,True,True,True,True,True
Minimal,25,1JLA_TNK,40,True,True,True,True,True,True,True
Minimal,25,1K3U_IAD,40,False,False,False,False,False,False,False
Minimal,25,1KE5_LS1,40,True,True,True,True,True,True,True
Minimal,25,1KZK_JE2,40,True,True,True,True,True,True,True
Minimal,25,1L2S_STC,40,True,True,True,True,True,True,True
Minimal,25,1L7F_BCZ,40,True,True,True,True,True,True,True
Minimal,25,1LPZ_CMB,40,False,False,False,False,False,False,False
Minimal,25,1LRH_NLA,40,True,True,True,True,True,True,True
Minimal,25,1M2Z_DEX,40,True,True,True,True,True,True,True
Minimal,25,1MEH_MOA,40,True,True,True,True,True,True,True
Minimal,25,1MMV_3AR,40,False,False,False,False,False,False,False
Minimal,25,1MZC_BNE,40,False,False,False,False,False,False,False
Minimal,25,1N1M_A3M,40,True,True,True,True,True,True,True
Minimal,25,1N2J_PAF,40,True,True,True,True,True,True,True
Minimal,25,1N2V_BDI,40,True,True,True,True,True,True,True
Minimal,25,1N46_PFA,40,True,True,True,True,True,True,True
Minimal,25,1NAV_IH5,40,True,True,True,True,True,True,True
Minimal,25,1OF1_SCT,40,True,True,True,True,True,True,True
Minimal,25,1OF6_DTY,40,True,True,True,True,True,True,True
Minimal,25,1OPK_P16,40,True,True,True,True,True,True,True
Minimal,25,1OQ5_CEL,40,True,True,True,True,False,False,True
Minimal,25,1OWE_675,40,True,True,True,True,True,True,True
Minimal,25,1OYT_FSN,40,True,True,True,True,True,True,True
Minimal,25,1P2Y_NCT,40,False,False,False,True,False,False,False
Minimal,25,1P62_GEO,40,True,True,True,True,True,True,True
Minimal,25,1PMN_984,40,True,True,True,True,True,True,True
Minimal,25,1Q1G_MTI,40,True,True,True,True,True,True,True
Minimal,25,1Q41_IXM,40,True,True,True,True,True,True,True
Minimal,25,1Q4G_BFL,40,True,True,True,True,True,True,True
Minimal,25,1R1H_BIR,40,True,True,True,True,True,True,True
Minimal,25,1R55_097,40,True,True,True,True,True,True,True
Minimal,25,1R58_AO5,40,True,True,True,True,True,True,True
Minimal,25,1R9O_FLP,40,True,False,False,False,True,True,True
Minimal,25,1S19_MC9,40,True,True,True,True,False,False,False
Minimal,25,1S3V_TQD,40,True,True,True,False,True,True,True
Minimal,25,1SG0_STL,40,True,True,True,True,True,True,False
Minimal,25,1SJ0_E4D,40,True,True,True,True,True,True,True
Minimal,25,1SQ5_PAU,40,True,True,True,True,True,True,False
Minimal,25,1SQN_NDR,40,True,True,True,True,True,True,True
Minimal,25,1T40_ID5,40,False,False,False,False,False,False,False
Minimal,25,1T46_STI,40,True,True,True,True,True,True,True
Minimal,25,1T9B_1CS,40,True,True,True,False,True,True,True
Minimal,25,1TOW_CRZ,40,True,True,True,True,True,True,True
Minimal,25,1TT1_KAI,40,True,True,True,True,True,True,True
Minimal,25,1TZ8_DES,40,False,False,False,False,False,False,False
Minimal,25,1U1C_BAU,40,True,False,False,False,True,True,True
Minimal,25,1U4D_DBQ,40,False,True,True,True,False,False,False
Minimal,25,1UML_FR4,40,True,True,True,True,True,True,True
Minimal,25,1UNL_RRC,40,True,True,True,True,True,True,True
Minimal,25,1UOU_CMU,40,True,True,True,True,True,True,True
Minimal,25,1V0P_PVB,40,True,True,True,True,True,True,True
Minimal,25,1V48_HA1,40,True,True,True,True,True,True,True
Minimal,25,1V4S_MRK,40,True,True,True,True,True,True,True
Minimal,25,1VCJ_IBA,40,False,False,False,False,False,False,False
Minimal,25,1W1P_GIO,40,False,True,False,True,False,False,False
Minimal,25,1W2G_THM,40,True,True,True,True,True,True,True
Minimal,25,1X8X_TYR,40,True,True,True,True,True,True,True
Minimal,25,1XM6_5RM,40,False,True,True,True,False,True,True
Minimal,25,1XOQ_ROF,40,True,True,True,True,True,True,True
Minimal,25,1XOZ_CIA,40,True,True,True,True,True,True,True
Minimal,25,1Y6B_AAX,40,True,True,True,False,True,True,True
Minimal,25,1YGC_905,40,False,False,False,False,False,False,True
Minimal,25,1YQY_915,40,False,False,False,False,False,False,False
Minimal,25,1YV3_BIT,40,True,True,True,True,True,True,True
Minimal,25,1YVF_PH7,40,True,True,True,True,True,True,True
Minimal,25,1YWR_LI9,40,True,True,True,True,True,True,True
Minimal,25,1Z95_198,40,True,True,True,True,True,True,True
Minimal,25,2BM2_PM2,40,False,False,False,False,False,False,False
Minimal,25,2BR1_PFP,40,True,True,True,True,True,True,True
Minimal,25,2BSM_BSM,40,True,True,True,True,True,True,True
Separate,25,1G9V_RQ3,40,True,True,True,True,True,True,True
Separate,25,1GKC_NFH,40,True,True,True,True,True,True,True
Separate,25,1GM8_SOX,40,False,False,False,True,True,True,False
Separate,25,1GPK_HUP,40,False,False,True,True,False,False,False
Separate,25,1HNN_SKF,40,True,True,True,True,True,True,True
Separate,25,1HP0_AD3,40,False,False,False,False,False,False,False
Separate,25,1HQ2_PH2,40,True,True,True,True,True,True,True
Separate,25,1HVY_D16,40,False,False,False,False,False,True,True
Separate,25,1HWI_115,40,True,False,False,False,True,True,True
Separate,25,1HWW_SWA,40,False,False,False,False,False,False,False
Separate,25,1IA1_TQ3,40,True,True,True,True,True,True,True
Separate,25,1IG3_VIB,40,False,False,False,False,False,False,False
Separate,25,1J3J_CP6,40,True,True,True,True,True,True,True
Separate,25,1JD0_AZM,40,True,True,True,True,True,True,True
Separate,25,1JJE_BYS,40,True,True,True,True,True,True,True
Separate,25,1JLA_TNK,40,True,True,True,True,True,True,True
Separate,25,1K3U_IAD,40,False,False,False,False,False,False,False
Separate,25,1KE5_LS1,40,True,True,True,True,True,True,True
Separate,25,1KZK_JE2,40,True,True,True,True,True,True,True
Separate,25,1L2S_STC,40,True,True,True,True,True,True,True
Separate,25,1L7F_BCZ,40,True,True,True,True,True,True,True
Separate,25,1LPZ_CMB,40,True,True,True,True,False,False,False
Separate,25,1LRH_NLA,40,True,True,True,True,True,True,True
Separate,25,1M2Z_DEX,40,True,True,True,True,True,True,True
Separate,25,1MEH_MOA,40,True,True,True,True,True,True,True
Separate,25,1MMV_3AR,40,True,True,True,True,False,True,False
Separate,25,1MZC_BNE,40,False,False,False,False,False,False,False
Separate,25,1N1M_A3M,40,True,True,True,True,True,True,True
Separate,25,1N2J_PAF,40,True,True,True,True,True,True,True
Separate,25,1N2V_BDI,40,True,True,True,True,True,True,True
Separate,25,1N46_PFA,40,True,True,True,True,True,True,True
Separate,25,1NAV_IH5,40,True,True,True,True,True,True,True
Separate,25,1OF1_SCT,40,True,True,True,True,True,True,True
Separate,25,1OF6_DTY,40,True,True,True,True,True,True,True
Separate,25,1OPK_P16,40,True,True,True,True,True,True,True
Separate,25,1OQ5_CEL,40,True,True,True,True,False,False,False
Separate,25,1OWE_675,40,True,True,True,True,True,True,True
Separate,25,1OYT_FSN,40,True,True,True,True,True,True,True
Separate,25,1P2Y_NCT,40,True,True,True,True,True,True,True
Separate,25,1P62_GEO,40,True,True,True,True,True,True,True
Separate,25,1PMN_984,40,True,True,True,True,True,True,True
Separate,25,1Q1G_MTI,40,True,True,True,True,True,True,True
Separate,25,1Q41_IXM,40,True,True,True,True,True,True,True
Separate,25,1Q4G_BFL,40,True,True,True,True,True,True,True
Separate,25,1R1H_BIR,40,True,True,True,True,True,True,True
Separate,25,1R55_097,40,True,True,True,True,True,True,True
Separate,25,1R58_AO5,40,False,False,False,False,False,True,True
Separate,25,1R9O_FLP,40,True,True,True,True,True,True,True
Separate,25,1S19_MC9,40,True,True,True,True,True,True,True
Separate,25,1S3V_TQD,40,False,False,False,False,True,True,True
Separate,25,1SG0_STL,40,True,True,True,True,True,True,True
Separate,25,1SJ0_E4D,40,True,True,True,True,True,True,True
Separate,25,1SQ5_PAU,40,True,True,True,True,False,False,False
Separate,25,1SQN_NDR,40,True,True,True,True,True,True,True
Separate,25,1T40_ID5,40,False,False,False,False,False,False,False
Separate,25,1T46_STI,40,True,True,True,True,True,True,True
Separate,25,1T9B_1CS,40,True,True,True,False,False,False,False
Separate,25,1TOW_CRZ,40,True,True,True,True,True,True,True
Separate,25,1TT1_KAI,40,True,True,True,True,True,True,True
Separate,25,1TZ8_DES,40,False,False,False,False,False,False,False
Separate,25,1U1C_BAU,40,True,True,True,True,True,True,True
Separate,25,1U4D_DBQ,40,True,True,True,True,True,True,True
Separate,25,1UML_FR4,40,True,True,True,True,True,True,True
Separate,25,1UNL_RRC,40,True,True,True,True,True,True,True
Separate,25,1UOU_CMU,40,True,True,True,True,True,True,True
Separate,25,1V0P_PVB,40,True,True,True,True,True,True,True
Separate,25,1V48_HA1,40,True,True,True,True,True,True,True
Separate,25,1V4S_MRK,40,True,True,True,True,True,True,True
Separate,25,1VCJ_IBA,40,False,False,False,False,False,False,False
Separate,25,1W1P_GIO,40,True,True,True,True,True,True,True
Separate,25,1W2G_THM,40,True,True,True,True,True,True,True
Separate,25,1X8X_TYR,40,True,True,True,True,True,True,True
Separate,25,1XM6_5RM,40,True,True,True,True,True,True,True
Separate,25,1XOQ_ROF,40,True,True,True,True,True,True,True
Separate,25,1XOZ_CIA,40,True,True,True,True,True,True,True
Separate,25,1Y6B_AAX,40,True,True,True,True,True,True,True
Separate,25,1YGC_905,40,False,False,False,False,True,False,False
Separate,25,1YQY_915,40,True,True,True,True,True,True,True
Separate,25,1YV3_BIT,40,True,True,True,True,True,True,True
Separate,25,1YVF_PH7,40,True,True,True,True,True,True,True
Separate,25,1YWR_LI9,40,True,True,True,True,True,True,True
Separate,25,1Z95_198,40,True,True,True,True,True,True,True
Separate,25,2BM2_PM2,40,False,False,False,False,False,False,False
Separate,25,2BR1_PFP,40,True,True,True,True,True,True,True
Separate,25,2BSM_BSM,40,True,True,True,True,True,True,True
Minimal,5,1G9V_RQ3,200,False,False,False,False,False,False,True
Minimal,5,1GKC_NFH,200,True,True,True,True,True,True,True
Minimal,5,1GM8_SOX,200,False,False,False,False,True,False,False
Minimal,5,1GPK_HUP,200,True,True,True,True,True,True,True
Minimal,5,1HNN_SKF,200,True,True,True,True,True,True,True
Minimal,5,1HP0_AD3,200,True,True,False,False,True,True,True
Minimal,5,1HQ2_PH2,200,True,True,True,True,True,True,True
Minimal,5,1HVY_D16,200,False,False,False,False,False,False,False
Minimal,5,1HWI_115,200,True,True,True,True,False,True,True
Minimal,5,1HWW_SWA,200,True,True,True,True,True,True,True
Minimal,5,1IA1_TQ3,200,True,True,True,True,True,True,True
Minimal,5,1IG3_VIB,200,True,True,True,True,True,True,True
Minimal,5,1J3J_CP6,200,True,True,True,True,True,True,True
Minimal,5,1JD0_AZM,200,True,True,True,True,True,True,True
Minimal,5,1JJE_BYS,200,True,True,True,True,False,True,True
Minimal,5,1JLA_TNK,200,True,True,True,True,True,True,True
Minimal,5,1K3U_IAD,200,True,True,True,True,True,True,True
Minimal,5,1KE5_LS1,200,True,True,True,True,True,True,True
Minimal,5,1KZK_JE2,200,True,False,False,False,True,True,True
Minimal,5,1L2S_STC,200,False,False,False,False,False,False,False
Minimal,5,1L7F_BCZ,200,True,True,True,True,True,True,False
Minimal,5,1LPZ_CMB,200,True,False,False,False,True,True,True
Minimal,5,1LRH_NLA,200,True,True,True,True,True,True,True
Minimal,5,1M2Z_DEX,200,True,True,True,True,True,True,True
Minimal,5,1MEH_MOA,200,True,False,False,False,False,False,False
Minimal,5,1MMV_3AR,200,True,True,True,True,True,True,False
Minimal,5,1MZC_BNE,200,False,False,False,False,False,False,False
Minimal,5,1N1M_A3M,200,True,True,True,True,True,True,True
Minimal,5,1N2J_PAF,200,True,True,True,True,True,True,True
Minimal,5,1N2V_BDI,200,True,True,True,True,True,True,True
Minimal,5,1N46_PFA,200,True,True,True,True,True,True,True
Minimal,5,1NAV_IH5,200,True,True,True,True,True,True,True
Minimal,5,1OF1_SCT,200,True,True,True,True,True,True,True
Minimal,5,1OF6_DTY,200,True,True,True,True,True,True,True
Minimal,5,1OPK_P16,200,True,True,True,True,True,True,True
Minimal,5,1OQ5_CEL,200,False,False,False,False,False,False,False
Minimal,5,1OWE_675,200,True,True,True,True,True,True,True
Minimal,5,1OYT_FSN,200,True,True,True,True,True,True,True
Minimal,5,1P2Y_NCT,200,False,False,False,False,False,True,False
Minimal,5,1P62_GEO,200,True,True,True,True,False,False,False
Minimal,5,1PMN_984,200,True,True,True,True,True,True,True
Minimal,5,1Q1G_MTI,200,True,True,True,True,True,True,True
Minimal,5,1Q41_IXM,200,True,True,True,True,True,True,True
Minimal,5,1Q4G_BFL,200,True,True,True,True,True,True,True
Minimal,5,1R1H_BIR,200,True,True,True,True,True,True,True
Minimal,5,1R55_097,200,True,True,True,True,True,True,True
Minimal,5,1R58_AO5,200,True,True,True,True,True,True,True
Minimal,5,1R9O_FLP,200,True,True,True,True,False,False,False
Minimal,5,1S19_MC9,200,True,True,True,True,False,True,True
Minimal,5,1S3V_TQD,200,True,True,True,True,True,True,True
Minimal,5,1SG0_STL,200,True,True,True,True,True,True,True
Minimal,5,1SJ0_E4D,200,True,True,True,True,True,True,True
Minimal,5,1SQ5_PAU,200,True,True,True,True,True,True,False
Minimal,5,1SQN_NDR,200,True,True,True,True,True,True,True
Minimal,5,1T40_ID5,200,False,False,False,False,False,False,False
Minimal,5,1T46_STI,200,True,False,False,False,True,True,True
Minimal,5,1T9B_1CS,200,False,False,True,True,True,True,True
Minimal,5,1TOW_CRZ,200,True,True,True,True,True,True,True
Minimal,5,1TT1_KAI,200,True,True,True,True,True,True,True
Minimal,5,1TZ8_DES,200,False,False,False,False,False,False,False
Minimal,5,1U1C_BAU,200,True,True,True,True,True,True,True
Minimal,5,1U4D_DBQ,200,True,True,False,False,False,False,False
Minimal,5,1UML_FR4,200,True,True,True,True,True,True,True
Minimal,5,1UNL_RRC,200,True,True,True,True,True,True,True
Minimal,5,1UOU_CMU,200,True,True,True,True,True,True,True
Minimal,5,1V0P_PVB,200,True,True,True,True,True,True,True
Minimal,5,1V48_HA1,200,True,True,True,True,True,True,True
Minimal,5,1V4S_MRK,200,True,True,True,True,True,True,True
Minimal,5,1VCJ_IBA,200,True,False,False,False,True,True,True
Minimal,5,1W1P_GIO,200,True,True,False,False,True,False,True
Minimal,5,1W2G_THM,200,True,True,True,True,True,True,True
Minimal,5,1X8X_TYR,200,True,True,True,True,True,True,True
Minimal,5,1XM6_5RM,200,True,True,True,True,True,True,True
Minimal,5,1XOQ_ROF,200,True,True,True,True,True,True,True
Minimal,5,1XOZ_CIA,200,True,True,True,True,True,True,True
Minimal,5,1Y6B_AAX,200,True,True,True,True,False,True,False
Minimal,5,1YGC_905,200,False,False,False,False,False,False,False
Minimal,5,1YQY_915,200,True,True,True,True,True,True,True
Minimal,5,1YV3_BIT,200,True,True,True,True,True,True,True
Minimal,5,1YVF_PH7,200,True,True,True,True,True,True,True
Minimal,5,1YWR_LI9,200,True,False,False,False,True,True,True
Minimal,5,1Z95_198,200,True,True,True,True,True,True,True
Minimal,5,2BM2_PM2,200,True,False,False,False,True,False,False
Minimal,5,2BR1_PFP,200,True,True,True,True,True,True,True
Minimal,5,2BSM_BSM,200,True,True,True,True,True,True,True
Separate,5,1G9V_RQ3,200,True,True,True,True,True,True,True
Separate,5,1GKC_NFH,200,True,True,True,True,True,True,True
Separate,5,1GM8_SOX,200,True,True,True,True,True,True,False
Separate,5,1GPK_HUP,200,True,True,False,True,True,False,True
Separate,5,1HNN_SKF,200,True,True,True,True,True,True,True
Separate,5,1HP0_AD3,200,True,True,False,False,True,True,True
Separate,5,1HQ2_PH2,200,True,True,True,True,True,True,True
Separate,5,1HVY_D16,200,True,True,True,True,True,True,True
Separate,5,1HWI_115,200,True,True,True,True,True,True,True
Separate,5,1HWW_SWA,200,True,True,True,False,True,True,True
Separate,5,1IA1_TQ3,200,True,True,True,True,True,True,True
Separate,5,1IG3_VIB,200,True,False,False,False,True,False,False
Separate,5,1J3J_CP6,200,True,True,True,True,True,True,True
Separate,5,1JD0_AZM,200,True,True,True,True,True,True,True
Separate,5,1JJE_BYS,200,True,True,True,True,True,True,True
Separate,5,1JLA_TNK,200,True,True,True,True,True,True,True
Separate,5,1K3U_IAD,200,True,False,False,False,True,True,True
Separate,5,1KE5_LS1,200,True,True,True,True,True,True,True
Separate,5,1KZK_JE2,200,True,True,True,True,True,True,True
Separate,5,1L2S_STC,200,True,True,True,True,True,True,False
Separate,5,1L7F_BCZ,200,True,True,True,True,True,True,True
Separate,5,1LPZ_CMB,200,True,False,False,False,True,True,True
Separate,5,1LRH_NLA,200,True,True,True,True,True,True,True
Separate,5,1M2Z_DEX,200,True,True,True,True,True,True,True
Separate,5,1MEH_MOA,200,False,False,False,False,False,False,False
Separate,5,1MMV_3AR,200,True,False,False,False,True,True,True
Separate,5,1MZC_BNE,200,False,False,False,False,False,False,False
Separate,5,1N1M_A3M,200,True,True,True,True,True,False,False
Separate,5,1N2J_PAF,200,True,True,True,True,True,True,True
Separate,5,1N2V_BDI,200,True,True,True,True,True,True,True
Separate,5,1N46_PFA,200,True,True,True,True,True,True,True
Separate,5,1NAV_IH5,200,True,True,True,True,True,True,True
Separate,5,1OF1_SCT,200,True,True,True,True,True,True,True
Separate,5,1OF6_DTY,200,True,True,True,True,True,True,True
Separate,5,1OPK_P16,200,True,True,True,True,True,True,True
Separate,5,1OQ5_CEL,200,False,False,False,False,False,True,True
Separate,5,1OWE_675,200,True,True,True,True,True,True,True
Separate,5,1OYT_FSN,200,True,True,True,True,True,True,True
Separate,5,1P2Y_NCT,200,True,False,True,True,True,True,False
Separate,5,1P62_GEO,200,True,True,True,True,True,True,True
Separate,5,1PMN_984,200,True,True,True,True,True,True,True
Separate,5,1Q1G_MTI,200,True,True,True,True,True,True,True
Separate,5,1Q41_IXM,200,True,True,True,True,True,True,True
Separate,5,1Q4G_BFL,200,True,False,True,False,True,True,True
Separate,5,1R1H_BIR,200,True,True,True,True,True,True,True
Separate,5,1R55_097,200,True,True,True,True,False,True,True
Separate,5,1R58_AO5,200,True,True,True,True,True,True,True
Separate,5,1R9O_FLP,200,True,True,True,True,True,True,True
Separate,5,1S19_MC9,200,True,True,True,True,True,True,True
Separate,5,1S3V_TQD,200,True,True,True,False,True,False,True
Separate,5,1SG0_STL,200,True,True,True,True,False,False,False
Separate,5,1SJ0_E4D,200,True,True,True,True,True,True,True
Separate,5,1SQ5_PAU,200,False,False,False,False,False,False,False
Separate,5,1SQN_NDR,200,True,True,True,True,True,True,True
Separate,5,1T40_ID5,200,True,False,False,False,False,False,False
Separate,5,1T46_STI,200,True,True,True,True,True,True,True
Separate,5,1T9B_1CS,200,False,False,True,True,True,True,True
Separate,5,1TOW_CRZ,200,True,True,True,True,True,True,True
Separate,5,1TT1_KAI,200,True,True,True,True,True,True,True
Separate,5,1TZ8_DES,200,False,False,False,False,True,False,False
Separate,5,1U1C_BAU,200,True,True,True,True,True,True,True
Separate,5,1U4D_DBQ,200,True,True,True,True,True,True,True
Separate,5,1UML_FR4,200,True,True,True,True,True,True,True
Separate,5,1UNL_RRC,200,True,True,True,True,True,True,True
Separate,5,1UOU_CMU,200,True,True,True,True,True,True,True
Separate,5,1V0P_PVB,200,True,True,True,True,True,True,True
Separate,5,1V48_HA1,200,True,True,True,True,True,True,True
Separate,5,1V4S_MRK,200,True,True,True,True,True,True,True
Separate,5,1VCJ_IBA,200,True,True,True,True,True,True,True
Separate,5,1W1P_GIO,200,True,True,True,True,True,True,True
Separate,5,1W2G_THM,200,True,True,True,True,True,True,True
Separate,5,1X8X_TYR,200,True,True,True,True,True,True,True
Separate,5,1XM6_5RM,200,True,True,True,True,True,True,True
Separate,5,1XOQ_ROF,200,True,True,True,True,True,True,True
Separate,5,1XOZ_CIA,200,True,True,True,True,True,True,True
Separate,5,1Y6B_AAX,200,True,True,True,True,True,True,False
Separate,5,1YGC_905,200,True,True,True,True,True,True,True
Separate,5,1YQY_915,200,True,True,True,True,True,True,True
Separate,5,1YV3_BIT,200,True,True,True,True,True,True,True
Separate,5,1YVF_PH7,200,True,True,True,True,True,True,True
Separate,5,1YWR_LI9,200,True,True,True,True,True,True,True
Separate,5,1Z95_198,200,True,True,True,True,True,True,True
Separate,5,2BM2_PM2,200,True,True,True,True,True,True,True
Separate,5,2BR1_PFP,200,True,True,True,True,True,True,True
Separate,5,2BSM_BSM,200,True,True,True,True,True,True,True
