complex,n_frag,arm,nfe,n_posen,trefferquote,n_moden,groesster_modus,groesster_richtig,entropie,abdeckung_richtig,d_zentrum_richtig,d_zentrum_falsch
6TW5_9M2,5,SigmaDock,25,40,0.1,11,0.25,False,0.5673,0.1,0.308,0.578
6TW5_9M2,5,SigmaDock,5,40,0.0,40,0.025,False,1.0,,,8.379
6TW5_9M2,5,Minimal,25,40,0.025,20,0.15,False,0.7603,0.05,0.2,0.613
6TW5_9M2,5,Minimal,5,200,0.055,67,0.12,False,0.713,0.03,0.374,0.616
6TW5_9M2,5,Separate,25,40,0.025,18,0.175,False,0.7056,0.025,0.41,0.615
6TW5_9M2,5,Separate,5,200,0.05,46,0.185,False,0.5787,0.045,0.311,0.592
6TW7_NZB,5,SigmaDock,25,40,0.325,12,0.325,True,0.5156,0.325,0.538,1.044
6TW7_NZB,5,SigmaDock,5,40,0.0,40,0.025,False,1.0,,,14.301
6TW7_NZB,5,Minimal,25,40,0.1,14,0.275,False,0.6281,0.1,0.526,1.104
6TW7_NZB,5,Minimal,5,200,0.14,54,0.205,False,0.5694,0.14,0.648,1.169
6TW7_NZB,5,Separate,25,40,0.375,11,0.4,True,0.5067,0.4,0.606,0.89
6TW7_NZB,5,Separate,5,200,0.285,33,0.32,True,0.3965,0.32,0.629,0.971
6VTA_AKN,8,SigmaDock,25,40,0.0,39,0.05,False,0.9906,,,2.491
6VTA_AKN,8,SigmaDock,5,40,0.0,40,0.025,False,1.0,,,25.228
6VTA_AKN,8,Minimal,25,40,0.0,40,0.025,False,1.0,,,1.719
6VTA_AKN,8,Minimal,5,203,0.0,201,0.0099,False,0.9974,,,1.533
6VTA_AKN,8,Separate,25,40,0.0,40,0.025,False,1.0,,,1.669
6VTA_AKN,8,Separate,5,200,0.0,188,0.01,False,0.9843,,,1.579
6WTN_RXT,4,SigmaDock,25,40,1.0,2,0.95,True,0.0538,0.95,0.197,
6WTN_RXT,4,SigmaDock,5,40,0.2,33,0.1,True,0.9154,0.1,0.525,11.932
6WTN_RXT,4,Minimal,25,40,0.3,5,0.375,False,0.3769,0.3,0.354,0.451
6WTN_RXT,4,Minimal,5,201,0.472636815920398,7,0.4478,True,0.2469,0.4478,0.34,0.419
6WTN_RXT,4,Separate,25,40,0.425,5,0.4,True,0.3418,0.4,0.366,0.503
6WTN_RXT,4,Separate,5,201,0.5621890547263682,4,0.5174,True,0.2159,0.5174,0.332,0.458
6Z4N_Q7B,3,SigmaDock,25,40,0.025,11,0.375,False,0.5191,0.025,0.726,1.192
6Z4N_Q7B,3,SigmaDock,5,40,0.0,39,0.05,False,0.9906,,,14.081
6Z4N_Q7B,3,Minimal,25,40,0.1,19,0.175,False,0.7409,0.075,0.435,1.051
6Z4N_Q7B,3,Minimal,5,200,0.095,60,0.21,False,0.6488,0.035,0.492,0.859
6Z4N_Q7B,3,Separate,25,40,0.075,19,0.175,False,0.7143,0.05,0.4,1.025
6Z4N_Q7B,3,Separate,5,200,0.09,54,0.085,False,0.6699,0.075,0.58,1.053
6ZPB_3D1,3,SigmaDock,25,40,0.425,3,0.45,False,0.2665,0.425,0.577,0.431
6ZPB_3D1,3,SigmaDock,5,40,0.15,34,0.15,True,0.9177,0.15,0.57,12.113
6ZPB_3D1,3,Minimal,25,40,0.225,6,0.525,False,0.3575,0.225,0.425,0.547
6ZPB_3D1,3,Minimal,5,201,0.32338308457711445,9,0.6318,False,0.177,0.3035,0.419,0.454
6ZPB_3D1,3,Separate,25,40,0.725,2,0.75,True,0.1524,0.75,0.43,0.56
6ZPB_3D1,3,Separate,5,201,0.6368159203980099,6,0.6517,True,0.1508,0.6517,0.392,0.487
7B2C_TP7,7,SigmaDock,25,41,0.43902439024390244,5,0.6098,True,0.2838,0.6098,0.978,1.472
7B2C_TP7,7,SigmaDock,5,41,0.024390243902439025,40,0.0488,False,0.9909,0.0244,0.467,7.703
7B2C_TP7,7,Minimal,25,41,0.34146341463414637,9,0.2439,True,0.5185,0.2439,0.797,1.135
7B2C_TP7,7,Minimal,5,203,0.39408866995073893,10,0.4187,True,0.2966,0.4187,0.792,1.083
7B2C_TP7,7,Separate,25,41,0.5609756097560976,6,0.8049,True,0.2149,0.8049,1.064,1.533
7B2C_TP7,7,Separate,5,202,0.5148514851485149,10,0.7624,True,0.188,0.7624,0.884,1.491
7BTT_F8R,8,SigmaDock,25,40,0.35,16,0.35,True,0.6168,0.35,0.446,0.99
7BTT_F8R,8,SigmaDock,5,40,0.0,40,0.025,False,1.0,,,8.729
7BTT_F8R,8,Minimal,25,40,0.2,19,0.25,True,0.6783,0.25,0.652,0.825
7BTT_F8R,8,Minimal,5,200,0.155,63,0.175,True,0.6384,0.175,0.599,0.854
7BTT_F8R,8,Separate,25,40,0.3,13,0.475,True,0.4893,0.475,0.728,1.082
7BTT_F8R,8,Separate,5,200,0.24,54,0.385,True,0.5201,0.385,0.677,0.995
7C3U_AZG,1,SigmaDock,25,41,0.0,5,0.561,False,0.3248,,,0.489
7C3U_AZG,1,SigmaDock,5,41,0.0,18,0.2683,False,0.643,,,23.262
7C3U_AZG,1,Minimal,25,41,0.0,3,0.5366,False,0.2723,,,0.595
7C3U_AZG,1,Minimal,5,201,0.014925373134328358,9,0.5224,False,0.2492,0.01,0.951,0.49
7C3U_AZG,1,Separate,25,40,0.0,4,0.45,False,0.3336,,,0.401
7C3U_AZG,1,Separate,5,200,0.025,8,0.5,False,0.2179,0.025,0.52,0.39
7C8Q_DSG,2,SigmaDock,25,40,0.4,2,0.525,False,0.1876,0.475,0.532,0.561
7C8Q_DSG,2,SigmaDock,5,40,0.15,32,0.125,False,0.8909,0.125,0.607,11.986
7C8Q_DSG,2,Minimal,25,40,0.65,4,0.7,True,0.2116,0.7,0.526,0.75
7C8Q_DSG,2,Minimal,5,201,0.7810945273631841,4,0.8109,True,0.1077,0.8109,0.575,0.739
7C8Q_DSG,2,Separate,25,40,0.25,5,0.5,False,0.3362,0.25,0.483,0.637
7C8Q_DSG,2,Separate,5,200,0.3,7,0.38,False,0.2613,0.36,0.505,0.677
7CD9_FVR,4,SigmaDock,25,40,0.0,19,0.275,False,0.6897,,,2.148
7CD9_FVR,4,SigmaDock,5,40,0.0,40,0.025,False,1.0,,,14.427
7CD9_FVR,4,Minimal,25,40,0.0,29,0.2,False,0.8497,,,1.812
7CD9_FVR,4,Minimal,5,200,0.0,82,0.155,False,0.7228,,,1.753
7CD9_FVR,4,Separate,25,40,0.0,22,0.2,False,0.7557,,,1.991
7CD9_FVR,4,Separate,5,201,0.0,49,0.3483,False,0.5349,,,1.909
7CIJ_G0C,5,SigmaDock,25,40,0.4,3,0.575,False,0.2106,0.4,0.407,1.097
7CIJ_G0C,5,SigmaDock,5,40,0.05,40,0.025,False,1.0,0.025,0.65,12.021
7CIJ_G0C,5,Minimal,25,40,0.1,6,0.625,False,0.3249,0.1,0.489,1.092
7CIJ_G0C,5,Minimal,5,203,0.12807881773399016,9,0.734,False,0.1713,0.133,0.462,1.033
7CIJ_G0C,5,Separate,25,40,0.425,5,0.525,False,0.2661,0.4,0.387,1.125
7CIJ_G0C,5,Separate,5,200,0.365,9,0.5,False,0.2308,0.355,0.323,1.135
7D5C_GV6,6,SigmaDock,25,40,0.95,3,0.875,True,0.1191,0.875,0.325,0.493
7D5C_GV6,6,SigmaDock,5,40,0.025,40,0.025,False,1.0,0.025,0.858,10.697
7D5C_GV6,6,Minimal,25,40,0.525,6,0.45,True,0.3244,0.45,0.394,0.667
7D5C_GV6,6,Minimal,5,201,0.6069651741293532,23,0.4677,True,0.3029,0.4677,0.383,0.55
7D5C_GV6,6,Separate,25,40,0.525,11,0.45,True,0.4806,0.45,0.339,0.675
7D5C_GV6,6,Separate,5,201,0.5223880597014925,26,0.4279,True,0.3758,0.4279,0.364,0.527
7DQL_4CL,1,SigmaDock,25,40,0.375,3,0.575,False,0.2266,0.375,0.495,0.618
7DQL_4CL,1,SigmaDock,5,40,0.15,22,0.325,False,0.6918,0.15,0.942,34.323
7DQL_4CL,1,Minimal,25,40,0.275,5,0.475,False,0.3365,0.3,0.64,0.755
7DQL_4CL,1,Minimal,5,200,0.29,8,0.48,False,0.2451,0.29,0.699,0.729
7DQL_4CL,1,Separate,25,41,0.3170731707317073,4,0.4878,False,0.2932,0.3415,0.534,0.644
7DQL_4CL,1,Separate,5,201,0.24378109452736318,6,0.5622,False,0.2314,0.2289,0.591,0.646
7ES1_UDP,4,SigmaDock,25,40,0.875,4,0.85,True,0.1499,0.85,0.488,0.76
7ES1_UDP,4,SigmaDock,5,40,0.025,38,0.075,False,0.9777,0.025,1.022,11.419
7ES1_UDP,4,Minimal,25,40,0.65,6,0.7,True,0.276,0.7,0.496,0.988
7ES1_UDP,4,Minimal,5,202,0.698019801980198,17,0.8168,True,0.1742,0.8168,0.622,0.876
7ES1_UDP,4,Separate,25,40,0.825,5,0.875,True,0.1473,0.875,0.674,0.876
7ES1_UDP,4,Separate,5,201,0.835820895522388,12,0.8756,True,0.1212,0.8756,0.645,0.887
7F8T_FAD,9,SigmaDock,25,40,0.0,29,0.075,False,0.8931,,,1.161
7F8T_FAD,9,SigmaDock,5,40,0.0,40,0.025,False,1.0,,,9.437
7F8T_FAD,9,Minimal,25,40,0.0,40,0.025,False,1.0,,,1.277
7F8T_FAD,9,Minimal,5,200,0.01,168,0.02,False,0.9539,0.015,0.27,1.134
7F8T_FAD,9,Separate,25,40,0.0,37,0.05,False,0.9718,,,1.423
7F8T_FAD,9,Separate,5,200,0.0,172,0.02,False,0.9601,,,1.281
7JG0_GAR,3,SigmaDock,25,40,0.875,3,0.925,True,0.0852,0.925,0.413,1.154
7JG0_GAR,3,SigmaDock,5,40,0.025,40,0.025,False,1.0,0.025,0.832,15.331
7JG0_GAR,3,Minimal,25,40,0.625,7,0.525,True,0.3688,0.525,0.504,1.154
7JG0_GAR,3,Minimal,5,200,0.69,22,0.51,True,0.3235,0.51,0.419,1.005
7JG0_GAR,3,Separate,25,40,0.775,7,0.775,True,0.2468,0.775,0.385,0.812
7JG0_GAR,3,Separate,5,202,0.7722772277227723,14,0.7426,True,0.2071,0.7426,0.342,0.955
7JMV_4NC,2,SigmaDock,25,40,0.55,4,0.375,True,0.3469,0.375,0.231,0.347
7JMV_4NC,2,SigmaDock,5,40,0.1,27,0.1,False,0.8426,0.1,0.476,14.049
7JMV_4NC,2,Minimal,25,40,0.55,6,0.5,True,0.3507,0.5,0.339,0.397
7JMV_4NC,2,Minimal,5,202,0.48514851485148514,10,0.3713,True,0.2935,0.3713,0.273,0.431
7JMV_4NC,2,Separate,25,40,0.8,3,0.675,True,0.1948,0.675,0.207,0.288
7JMV_4NC,2,Separate,5,201,0.7661691542288557,8,0.6368,True,0.172,0.6368,0.204,0.456
7JY3_VUD,4,SigmaDock,25,40,0.225,14,0.2,True,0.6053,0.2,1.197,1.431
7JY3_VUD,4,SigmaDock,5,40,0.0,40,0.025,False,1.0,,,19.1
7JY3_VUD,4,Minimal,25,40,0.025,21,0.25,False,0.7335,0.025,0.514,0.854
7JY3_VUD,4,Minimal,5,202,0.06930693069306931,78,0.2426,False,0.6701,0.0743,0.713,0.855
7JY3_VUD,4,Separate,25,40,0.125,26,0.175,False,0.816,0.1,0.814,1.112
7JY3_VUD,4,Separate,5,202,0.09405940594059406,57,0.1634,False,0.6425,0.0743,0.809,1.002
7KB1_WBJ,4,SigmaDock,25,40,0.7,3,0.7,True,0.1889,0.7,0.322,0.233
7KB1_WBJ,4,SigmaDock,5,40,0.075,37,0.05,False,0.9718,0.05,0.366,12.205
7KB1_WBJ,4,Minimal,25,40,0.925,4,0.875,True,0.1343,0.875,0.352,0.432
7KB1_WBJ,4,Minimal,5,201,0.8855721393034826,9,0.7861,True,0.1427,0.7861,0.309,0.427
7KB1_WBJ,4,Separate,25,40,0.9,4,0.825,True,0.1635,0.825,0.373,0.287
7KB1_WBJ,4,Separate,5,200,0.845,9,0.785,True,0.1596,0.785,0.313,0.276
7L00_XCJ,5,SigmaDock,25,42,0.42857142857142855,3,0.4286,True,0.2881,0.4286,0.527,1.317
7L00_XCJ,5,SigmaDock,5,42,0.0,42,0.0238,False,1.0,,,13.116
7L00_XCJ,5,Minimal,25,42,0.35714285714285715,15,0.2857,True,0.5969,0.2857,0.696,1.096
7L00_XCJ,5,Minimal,5,202,0.18316831683168316,33,0.198,False,0.5004,0.1238,0.627,1.11
7L00_XCJ,5,Separate,25,40,0.65,8,0.5,True,0.3932,0.5,0.462,1.009
7L00_XCJ,5,Separate,5,200,0.595,26,0.58,True,0.3261,0.58,0.522,0.906
7LCU_XTA,6,SigmaDock,25,41,0.2926829268292683,6,0.3902,False,0.3869,0.1707,0.652,0.815
7LCU_XTA,6,SigmaDock,5,41,0.0,41,0.0244,False,1.0,,,10.854
7LCU_XTA,6,Minimal,25,41,0.2926829268292683,14,0.2195,True,0.6362,0.2195,0.745,0.969
7LCU_XTA,6,Minimal,5,202,0.3564356435643564,43,0.198,True,0.5247,0.198,0.758,1.01
7LCU_XTA,6,Separate,25,40,0.625,15,0.35,True,0.5654,0.35,0.624,1.07
7LCU_XTA,6,Separate,5,200,0.7,26,0.365,True,0.3791,0.365,0.771,1.293
7N6F_0I1,4,SigmaDock,25,40,0.65,6,0.65,True,0.2699,0.65,0.724,1.099
7N6F_0I1,4,SigmaDock,5,40,0.05,38,0.05,False,0.9812,0.05,0.551,12.701
7N6F_0I1,4,Minimal,25,40,0.675,9,0.8,True,0.2484,0.8,0.7,0.916
7N6F_0I1,4,Minimal,5,203,0.8325123152709359,20,0.8424,True,0.1651,0.8424,0.793,0.875
7N6F_0I1,4,Separate,25,40,0.375,11,0.375,False,0.4555,0.35,0.771,0.756
7N6F_0I1,4,Separate,5,200,0.39,36,0.405,True,0.3848,0.405,0.636,0.748
7NFB_GEN,2,SigmaDock,25,40,0.725,2,0.725,True,0.1594,0.725,0.287,0.309
7NFB_GEN,2,SigmaDock,5,40,0.275,26,0.275,True,0.7667,0.275,0.563,15.367
7NFB_GEN,2,Minimal,25,40,0.45,3,0.525,False,0.2141,0.45,0.188,0.282
7NFB_GEN,2,Minimal,5,200,0.515,4,0.5,True,0.1493,0.5,0.163,0.195
7NFB_GEN,2,Separate,25,40,0.35,2,0.65,False,0.1755,0.35,0.259,0.257
7NFB_GEN,2,Separate,5,201,0.24378109452736318,6,0.7363,False,0.1306,0.2388,0.216,0.197
7NLV_UJE,4,SigmaDock,25,40,1.0,1,1.0,True,-0.0,1.0,0.384,
7NLV_UJE,4,SigmaDock,5,40,0.075,38,0.075,True,0.9777,0.075,0.496,15.512
7NLV_UJE,4,Minimal,25,40,0.925,4,0.925,True,0.0945,0.925,0.431,1.022
7NLV_UJE,4,Minimal,5,202,0.9158415841584159,7,0.8812,True,0.0944,0.8812,0.426,0.641
7NLV_UJE,4,Separate,25,40,0.975,2,0.975,True,0.0317,0.975,0.423,0.923
7NLV_UJE,4,Separate,5,201,0.9303482587064676,7,0.9254,True,0.0702,0.9254,0.417,0.57
7NR8_UOE,8,SigmaDock,25,40,0.525,12,0.45,True,0.4453,0.45,0.315,1.833
7NR8_UOE,8,SigmaDock,5,40,0.0,40,0.025,False,1.0,,,15.367
7NR8_UOE,8,Minimal,25,40,0.25,24,0.15,True,0.7979,0.15,0.42,1.434
7NR8_UOE,8,Minimal,5,203,0.3251231527093596,92,0.202,True,0.7209,0.202,0.494,1.455
7NR8_UOE,8,Separate,25,40,0.4,14,0.275,True,0.6075,0.275,0.429,0.875
7NR8_UOE,8,Separate,5,201,0.373134328358209,61,0.3881,True,0.5348,0.3881,0.406,1.233
7NUT_GLP,2,SigmaDock,25,42,0.30952380952380953,4,0.4048,False,0.3395,0.3095,0.619,0.804
7NUT_GLP,2,SigmaDock,5,42,0.09523809523809523,33,0.119,False,0.8958,0.0952,0.865,19.862
7NUT_GLP,2,Minimal,25,42,0.35714285714285715,5,0.381,False,0.3561,0.3571,0.458,0.63
7NUT_GLP,2,Minimal,5,202,0.297029702970297,15,0.2921,True,0.3444,0.2921,0.445,0.756
7NUT_GLP,2,Separate,25,40,0.45,5,0.475,False,0.2683,0.45,0.504,0.666
7NUT_GLP,2,Separate,5,200,0.505,8,0.49,True,0.2018,0.49,0.557,0.624
7O1T_5X8,4,SigmaDock,25,40,0.325,3,0.725,False,0.1822,0.25,0.303,0.454
7O1T_5X8,4,SigmaDock,5,40,0.05,38,0.05,True,0.9812,0.05,0.301,11.383
7O1T_5X8,4,Minimal,25,40,0.55,11,0.425,True,0.4832,0.425,0.496,0.505
7O1T_5X8,4,Minimal,5,200,0.55,13,0.49,True,0.2724,0.49,0.355,0.454
7O1T_5X8,4,Separate,25,40,0.475,5,0.475,True,0.3294,0.475,0.398,0.396
7O1T_5X8,4,Separate,5,200,0.52,10,0.53,True,0.242,0.53,0.338,0.436
7ODY_DGI,4,SigmaDock,25,40,0.5,3,0.5,True,0.2148,0.5,0.213,0.207
7ODY_DGI,4,SigmaDock,5,40,0.025,38,0.05,False,0.9812,0.025,0.359,13.344
7ODY_DGI,4,Minimal,25,40,0.475,2,0.525,False,0.1876,0.475,0.337,0.38
7ODY_DGI,4,Minimal,5,200,0.55,7,0.54,True,0.1729,0.54,0.304,0.324
7ODY_DGI,4,Separate,25,40,0.675,4,0.675,True,0.2182,0.675,0.265,0.35
7ODY_DGI,4,Separate,5,200,0.625,6,0.62,True,0.1558,0.62,0.222,0.293
7OEO_V9Z,8,SigmaDock,25,40,0.075,24,0.125,False,0.8127,0.075,0.801,1.408
7OEO_V9Z,8,SigmaDock,5,40,0.0,40,0.025,False,1.0,,,8.666
7OEO_V9Z,8,Minimal,25,40,0.15,28,0.1,False,0.8672,0.075,0.687,1.34
7OEO_V9Z,8,Minimal,5,200,0.12,94,0.07,False,0.7978,0.06,0.85,1.412
7OEO_V9Z,8,Separate,25,40,0.0,26,0.125,False,0.8233,,,1.445
7OEO_V9Z,8,Separate,5,201,0.014925373134328358,82,0.1294,False,0.7029,0.01,0.949,1.353
7OP9_06K,1,SigmaDock,25,40,0.0,4,0.5,False,0.3039,,,0.487
7OP9_06K,1,SigmaDock,5,40,0.075,21,0.25,False,0.7206,0.05,0.857,23.093
7OP9_06K,1,Minimal,25,40,0.1,6,0.325,False,0.4335,0.1,0.549,0.793
7OP9_06K,1,Minimal,5,201,0.04477611940298507,12,0.3234,False,0.3636,0.0597,0.614,0.672
7OP9_06K,1,Separate,25,41,0.07317073170731707,8,0.3659,False,0.4495,0.0732,0.437,0.596
7OP9_06K,1,Separate,5,201,0.04975124378109453,14,0.2985,False,0.3839,0.0348,0.472,0.481
7OZC_G6S,2,SigmaDock,25,40,0.1,5,0.55,False,0.3134,0.1,0.196,0.693
7OZC_G6S,2,SigmaDock,5,40,0.05,30,0.15,False,0.8731,0.05,0.487,15.356
7OZC_G6S,2,Minimal,25,40,0.05,6,0.425,False,0.3412,0.05,0.344,0.694
7OZC_G6S,2,Minimal,5,201,0.024875621890547265,7,0.5124,False,0.18,0.0249,0.318,0.705
7OZC_G6S,2,Separate,25,40,0.05,4,0.625,False,0.2736,0.05,0.243,0.923
7OZC_G6S,2,Separate,5,201,0.0845771144278607,8,0.5622,False,0.2287,0.0896,0.152,0.769
7PGX_FMN,5,SigmaDock,25,40,0.375,6,0.475,False,0.3108,0.4,0.672,0.964
7PGX_FMN,5,SigmaDock,5,40,0.0,39,0.05,False,0.9906,,,10.687
7PGX_FMN,5,Minimal,25,40,0.725,7,0.6,True,0.3438,0.6,0.704,0.798
7PGX_FMN,5,Minimal,5,201,0.7064676616915423,16,0.7214,True,0.2166,0.7214,0.701,0.921
7PGX_FMN,5,Separate,25,40,0.725,5,0.425,True,0.3463,0.425,0.793,1.388
7PGX_FMN,5,Separate,5,200,0.615,14,0.685,True,0.1879,0.685,0.756,1.044
7PIH_7QW,3,SigmaDock,25,40,0.55,2,0.625,False,0.1793,0.375,0.5,0.598
7PIH_7QW,3,SigmaDock,5,40,0.225,27,0.225,True,0.7931,0.225,0.718,14.556
7PIH_7QW,3,Minimal,25,40,0.5,4,0.5,False,0.2414,0.45,0.44,0.505
7PIH_7QW,3,Minimal,5,201,0.5472636815920398,5,0.5025,False,0.1464,0.4826,0.445,0.508
7PIH_7QW,3,Separate,25,40,0.45,3,0.5,False,0.2148,0.475,0.435,0.475
7PIH_7QW,3,Separate,5,201,0.5422885572139303,10,0.4826,True,0.1994,0.4826,0.444,0.511
7POM_7VZ,4,SigmaDock,25,40,0.975,2,0.975,True,0.0317,0.975,0.435,0.572
7POM_7VZ,4,SigmaDock,5,40,0.025,38,0.075,False,0.9777,0.075,0.847,13.228
7POM_7VZ,4,Minimal,25,40,0.65,7,0.65,True,0.3148,0.65,0.371,0.587
7POM_7VZ,4,Minimal,5,200,0.695,15,0.7,True,0.2358,0.7,0.456,0.706
7POM_7VZ,4,Separate,25,40,0.85,6,0.85,True,0.1781,0.85,0.442,0.902
7POM_7VZ,4,Separate,5,200,0.76,19,0.75,True,0.2264,0.75,0.449,0.638
7Q2B_M6H,2,SigmaDock,25,40,1.0,1,1.0,True,-0.0,1.0,0.453,
7Q2B_M6H,2,SigmaDock,5,40,0.475,23,0.45,True,0.6474,0.45,0.562,22.351
7Q2B_M6H,2,Minimal,25,40,0.975,2,0.975,True,0.0317,0.975,0.718,1.511
7Q2B_M6H,2,Minimal,5,200,0.975,4,0.975,True,0.0265,0.975,0.695,1.296
7Q2B_M6H,2,Separate,25,40,1.0,2,0.95,True,0.0538,0.95,0.635,
7Q2B_M6H,2,Separate,5,200,0.99,4,0.98,True,0.0224,0.98,0.575,1.031
7Q5I_I0F,5,SigmaDock,25,40,1.0,1,1.0,True,-0.0,1.0,0.307,
7Q5I_I0F,5,SigmaDock,5,40,0.05,39,0.05,True,0.9906,0.05,0.277,10.669
7Q5I_I0F,5,Minimal,25,40,0.875,2,0.975,True,0.0317,0.975,0.307,0.604
7Q5I_I0F,5,Minimal,5,201,0.900497512437811,6,0.9453,True,0.0546,0.9453,0.404,0.64
7Q5I_I0F,5,Separate,25,40,0.925,2,0.975,True,0.0317,0.975,0.425,0.877
7Q5I_I0F,5,Separate,5,201,0.9203980099502488,6,0.9552,True,0.0478,0.9552,0.435,0.794
7R3D_APR,6,SigmaDock,25,40,0.55,4,0.75,True,0.2068,0.75,0.266,0.662
7R3D_APR,6,SigmaDock,5,40,0.0,40,0.025,False,1.0,,,9.064
7R3D_APR,6,Minimal,25,40,0.15,8,0.4,False,0.4584,0.225,0.527,1.038
7R3D_APR,6,Minimal,5,200,0.16,16,0.42,False,0.3139,0.34,0.521,0.925
7R3D_APR,6,Separate,25,40,0.375,8,0.3,False,0.4667,0.25,0.407,0.952
7R3D_APR,6,Separate,5,201,0.19900497512437812,18,0.4129,False,0.3655,0.1194,0.437,0.916
7ROR_69X,6,SigmaDock,25,40,0.875,2,0.925,True,0.0722,0.925,0.317,0.716
7ROR_69X,6,SigmaDock,5,40,0.0,40,0.025,False,1.0,,,11.347
7ROR_69X,6,Minimal,25,40,0.775,5,0.525,True,0.324,0.525,0.346,0.893
7ROR_69X,6,Minimal,5,200,0.82,8,0.625,True,0.1668,0.625,0.391,0.666
7ROR_69X,6,Separate,25,40,0.75,6,0.525,True,0.3069,0.525,0.249,0.546
7ROR_69X,6,Separate,5,200,0.78,9,0.84,True,0.1297,0.84,0.236,0.472
7RSV_7IQ,2,SigmaDock,25,40,0.925,3,0.925,True,0.0852,0.925,0.254,0.634
7RSV_7IQ,2,SigmaDock,5,40,0.325,26,0.325,True,0.7517,0.325,0.338,18.927
7RSV_7IQ,2,Minimal,25,40,0.8,3,0.8,True,0.1561,0.8,0.305,0.46
7RSV_7IQ,2,Minimal,5,200,0.79,7,0.785,True,0.1551,0.785,0.298,0.586
7RSV_7IQ,2,Separate,25,40,0.85,6,0.85,True,0.1781,0.85,0.296,0.564
7RSV_7IQ,2,Separate,5,202,0.801980198019802,13,0.8069,True,0.162,0.8069,0.256,0.572
7RZL_NPO,2,SigmaDock,25,40,0.025,3,0.9,False,0.1069,0.05,0.877,0.695
7RZL_NPO,2,SigmaDock,5,40,0.0,32,0.175,False,0.8853,,,22.463
7RZL_NPO,2,Minimal,25,40,0.0,4,0.4,False,0.3224,,,1.122
7RZL_NPO,2,Minimal,5,200,0.015,9,0.295,False,0.2838,0.01,0.514,1.052
7RZL_NPO,2,Separate,25,40,0.075,6,0.25,False,0.4503,0.225,0.859,1.078
7RZL_NPO,2,Separate,5,201,0.029850746268656716,7,0.3284,False,0.287,0.0448,0.685,1.082
7SDD_4IP,5,SigmaDock,25,40,0.05,35,0.05,False,0.953,0.05,1.008,1.543
7SDD_4IP,5,SigmaDock,5,40,0.0,40,0.025,False,1.0,,,10.981
7SDD_4IP,5,Minimal,25,40,0.125,34,0.075,True,0.9401,0.075,0.907,1.049
7SDD_4IP,5,Minimal,5,202,0.06435643564356436,143,0.0396,True,0.9088,0.0396,0.74,1.116
7SDD_4IP,5,Separate,25,40,0.025,38,0.05,False,0.9812,0.025,0.893,1.18
7SDD_4IP,5,Separate,5,201,0.024875621890547265,147,0.0299,False,0.9175,0.0149,0.726,1.226
7T3E_SLB,6,SigmaDock,25,40,0.5,12,0.5,True,0.4906,0.5,0.275,0.938
7T3E_SLB,6,SigmaDock,5,40,0.0,40,0.025,False,1.0,,,7.532
7T3E_SLB,6,Minimal,25,40,0.775,9,0.65,True,0.3336,0.65,0.325,0.582
7T3E_SLB,6,Minimal,5,201,0.7661691542288557,24,0.6915,True,0.2556,0.6915,0.344,0.597
7T3E_SLB,6,Separate,25,40,0.9,4,0.875,True,0.1343,0.875,0.405,0.812
7T3E_SLB,6,Separate,5,201,0.8407960199004975,22,0.791,True,0.1944,0.791,0.37,0.646
7TBU_S3P,3,SigmaDock,25,40,0.7,5,0.75,True,0.2333,0.75,0.699,1.423
7TBU_S3P,3,SigmaDock,5,40,0.075,38,0.075,True,0.9777,0.075,1.089,23.111
7TBU_S3P,3,Minimal,25,40,0.325,12,0.325,True,0.5579,0.325,0.443,1.114
7TBU_S3P,3,Minimal,5,203,0.3842364532019704,31,0.3596,True,0.4186,0.3596,0.554,1.098
7TBU_S3P,3,Separate,25,40,0.425,9,0.425,True,0.4497,0.425,0.434,1.044
7TBU_S3P,3,Separate,5,200,0.485,21,0.48,True,0.335,0.48,0.333,1.061
7TE8_P0T,5,SigmaDock,25,40,0.025,5,0.375,False,0.3403,0.025,0.101,1.085
7TE8_P0T,5,SigmaDock,5,40,0.025,39,0.05,False,0.9906,0.025,0.456,9.601
7TE8_P0T,5,Minimal,25,40,0.425,10,0.25,False,0.5314,0.225,0.317,0.695
7TE8_P0T,5,Minimal,5,201,0.5024875621890548,21,0.2886,True,0.3684,0.2886,0.267,0.514
7TE8_P0T,5,Separate,25,40,0.425,9,0.275,True,0.5226,0.275,0.31,0.788
7TE8_P0T,5,Separate,5,200,0.49,26,0.25,True,0.3945,0.24,0.294,0.662
7TXK_LW8,3,SigmaDock,25,40,0.7,6,0.7,True,0.276,0.7,0.225,0.623
7TXK_LW8,3,SigmaDock,5,40,0.1,34,0.1,True,0.9342,0.1,0.34,13.503
7TXK_LW8,3,Minimal,25,40,0.9,4,0.875,True,0.1343,0.875,0.293,1.285
7TXK_LW8,3,Minimal,5,200,0.925,4,0.86,True,0.0973,0.86,0.252,1.03
7TXK_LW8,3,Separate,25,40,0.9,5,0.9,True,0.1257,0.9,0.28,0.989
7TXK_LW8,3,Separate,5,200,0.89,10,0.875,True,0.1157,0.875,0.23,0.708
7TYP_KUR,7,SigmaDock,25,40,0.075,12,0.325,False,0.5867,0.075,0.442,0.849
7TYP_KUR,7,SigmaDock,5,40,0.0,40,0.025,False,1.0,,,8.793
7TYP_KUR,7,Minimal,25,40,0.125,20,0.175,False,0.7338,0.1,0.287,0.595
7TYP_KUR,7,Minimal,5,200,0.045,45,0.17,False,0.5854,0.025,0.283,0.557
7TYP_KUR,7,Separate,25,40,0.2,20,0.15,True,0.7363,0.15,0.346,0.606
7TYP_KUR,7,Separate,5,200,0.235,50,0.265,True,0.5736,0.265,0.281,0.513
7U0U_FK5,7,SigmaDock,25,40,0.0,37,0.05,False,0.9718,,,0.842
7U0U_FK5,7,SigmaDock,5,40,0.0,40,0.025,False,1.0,,,11.687
7U0U_FK5,7,Minimal,25,40,0.0,40,0.025,False,1.0,,,0.94
7U0U_FK5,7,Minimal,5,202,0.0,182,0.0248,False,0.97,,,0.743
7U0U_FK5,7,Separate,25,40,0.0,40,0.025,False,1.0,,,0.725
7U0U_FK5,7,Separate,5,200,0.0,197,0.01,False,0.9961,,,0.683
7UJ4_OQ4,9,SigmaDock,25,40,0.3,17,0.3,True,0.6664,0.3,0.452,0.9
7UJ4_OQ4,9,SigmaDock,5,40,0.0,40,0.025,False,1.0,,,10.725
7UJ4_OQ4,9,Minimal,25,40,0.125,32,0.075,False,0.9177,0.05,0.429,1.146
7UJ4_OQ4,9,Minimal,5,200,0.12,112,0.07,False,0.8257,0.07,0.415,1.0
7UJ4_OQ4,9,Separate,25,40,0.025,37,0.05,False,0.9718,0.025,0.593,1.985
7UJ4_OQ4,9,Separate,5,200,0.02,174,0.03,False,0.9591,0.015,0.469,1.639
7UJF_R3V,5,SigmaDock,25,41,1.0,1,1.0,True,-0.0,1.0,0.135,
7UJF_R3V,5,SigmaDock,5,41,0.07317073170731707,38,0.0976,True,0.9636,0.0976,0.464,12.162
7UJF_R3V,5,Minimal,25,41,0.975609756097561,2,0.9756,True,0.0309,0.9756,0.246,0.309
7UJF_R3V,5,Minimal,5,201,0.9253731343283582,8,0.9104,True,0.0819,0.9104,0.232,0.507
7UJF_R3V,5,Separate,25,40,0.925,2,0.875,True,0.1021,0.875,0.26,0.462
7UJF_R3V,5,Separate,5,201,0.9402985074626866,5,0.9154,True,0.0672,0.9154,0.208,0.466
7UQ3_O2U,2,SigmaDock,25,40,0.725,3,0.725,True,0.2108,0.725,0.149,0.261
7UQ3_O2U,2,SigmaDock,5,40,0.325,21,0.325,True,0.6878,0.325,0.443,22.506
7UQ3_O2U,2,Minimal,25,40,0.525,3,0.55,True,0.2291,0.55,0.248,0.32
7UQ3_O2U,2,Minimal,5,200,0.585,6,0.58,True,0.178,0.58,0.171,0.261
7UQ3_O2U,2,Separate,25,41,0.6585365853658537,3,0.6098,True,0.2047,0.6098,0.203,0.276
7UQ3_O2U,2,Separate,5,202,0.7376237623762376,5,0.7327,True,0.1298,0.7327,0.168,0.255
7USH_82V,3,SigmaDock,25,40,0.9,2,0.9,True,0.0881,0.9,0.502,1.359
7USH_82V,3,SigmaDock,5,40,0.075,39,0.05,True,0.9906,0.05,0.649,17.464
7USH_82V,3,Minimal,25,40,0.6,5,0.9,True,0.1257,0.9,0.686,1.273
7USH_82V,3,Minimal,5,201,0.5223880597014925,24,0.7811,True,0.2224,0.7811,0.589,1.164
7USH_82V,3,Separate,25,40,0.525,7,0.725,True,0.2783,0.725,0.637,1.131
7USH_82V,3,Separate,5,204,0.45098039215686275,28,0.6324,True,0.3229,0.6324,0.559,1.261
7UY4_SMI,3,SigmaDock,25,41,0.1951219512195122,12,0.2439,True,0.5703,0.2439,0.535,0.956
7UY4_SMI,3,SigmaDock,5,41,0.0,40,0.0488,False,0.9909,,,14.938
7UY4_SMI,3,Minimal,25,41,0.0975609756097561,17,0.2195,False,0.6834,0.0488,0.858,1.099
7UY4_SMI,3,Minimal,5,203,0.09359605911330049,52,0.2069,False,0.5995,0.0837,0.546,1.056
7UY4_SMI,3,Separate,25,40,0.025,19,0.275,False,0.6938,0.025,0.393,1.001
7UY4_SMI,3,Separate,5,200,0.06,42,0.175,False,0.5678,0.045,0.762,0.783
7VC5_9SF,3,SigmaDock,25,40,0.95,2,0.85,True,0.1146,0.85,0.246,0.663
7VC5_9SF,3,SigmaDock,5,40,0.175,29,0.175,False,0.8478,0.1,0.429,14.3
7VC5_9SF,3,Minimal,25,40,0.625,2,0.525,True,0.1876,0.525,0.274,0.464
7VC5_9SF,3,Minimal,5,200,0.71,7,0.605,True,0.1518,0.605,0.284,0.354
7VC5_9SF,3,Separate,25,40,0.625,3,0.5,False,0.2148,0.475,0.324,0.356
7VC5_9SF,3,Separate,5,200,0.715,6,0.595,True,0.1675,0.595,0.238,0.291
7VQ9_ISY,4,SigmaDock,25,40,0.725,8,0.625,True,0.3536,0.625,0.574,1.239
7VQ9_ISY,4,SigmaDock,5,40,0.05,39,0.05,True,0.9906,0.05,0.654,11.848
7VQ9_ISY,4,Minimal,25,40,0.525,15,0.225,True,0.6728,0.225,0.592,0.985
7VQ9_ISY,4,Minimal,5,201,0.5223880597014925,22,0.3134,True,0.4447,0.3134,0.484,1.115
7VQ9_ISY,4,Separate,25,40,0.35,21,0.125,True,0.7787,0.125,0.633,1.534
7VQ9_ISY,4,Separate,5,200,0.43,29,0.22,True,0.5001,0.22,0.598,1.234
7W05_GMP,3,SigmaDock,25,40,0.575,2,0.925,True,0.0722,0.925,0.488,0.473
7W05_GMP,3,SigmaDock,5,40,0.125,36,0.075,False,0.9553,0.075,0.682,14.699
7W05_GMP,3,Minimal,25,40,0.45,8,0.35,True,0.4853,0.35,0.533,0.568
7W05_GMP,3,Minimal,5,203,0.3251231527093596,13,0.3448,True,0.3157,0.3448,0.475,0.509
7W05_GMP,3,Separate,25,40,0.175,11,0.3,False,0.5536,0.1,0.552,0.748
7W05_GMP,3,Separate,5,200,0.2,30,0.255,False,0.4577,0.1,0.39,0.635
7WKL_CAQ,1,SigmaDock,25,40,0.975,3,0.625,True,0.2042,0.625,0.426,0.691
7WKL_CAQ,1,SigmaDock,5,40,0.4,18,0.325,True,0.6347,0.325,0.829,42.829
7WKL_CAQ,1,Minimal,25,40,1.0,2,0.525,True,0.1876,0.525,0.378,
7WKL_CAQ,1,Minimal,5,200,0.94,6,0.495,True,0.1664,0.495,0.427,0.485
7WKL_CAQ,1,Separate,25,40,0.925,2,0.55,True,0.1865,0.55,0.287,0.472
7WKL_CAQ,1,Separate,5,200,0.94,6,0.515,True,0.1556,0.515,0.359,0.489
7WL4_JFU,5,SigmaDock,25,40,0.15,9,0.5,False,0.4536,0.075,0.589,0.917
7WL4_JFU,5,SigmaDock,5,40,0.0,40,0.025,False,1.0,,,13.773
7WL4_JFU,5,Minimal,25,40,0.475,9,0.475,True,0.433,0.475,0.404,1.028
7WL4_JFU,5,Minimal,5,200,0.48,34,0.465,True,0.3962,0.465,0.459,0.996
7WL4_JFU,5,Separate,25,40,0.5,8,0.45,True,0.4162,0.45,0.48,0.984
7WL4_JFU,5,Separate,5,200,0.38,29,0.4,True,0.3528,0.4,0.481,0.983
7Z7F_IF3,3,SigmaDock,25,40,0.125,4,0.425,False,0.3214,0.125,0.183,0.336
7Z7F_IF3,3,SigmaDock,5,40,0.025,34,0.175,False,0.9077,0.025,0.442,12.268
7Z7F_IF3,3,Minimal,25,40,0.1,5,0.375,False,0.3789,0.1,0.201,0.377
7Z7F_IF3,3,Minimal,5,200,0.195,14,0.365,False,0.3255,0.195,0.264,0.325
7Z7F_IF3,3,Separate,25,40,0.15,6,0.475,False,0.3883,0.15,0.154,0.284
7Z7F_IF3,3,Separate,5,200,0.14,13,0.375,False,0.3465,0.135,0.274,0.328
7ZF0_DHR,2,SigmaDock,25,42,0.9523809523809523,3,0.881,True,0.1136,0.881,0.672,0.978
7ZF0_DHR,2,SigmaDock,5,42,0.35714285714285715,29,0.1905,True,0.8167,0.1429,3.474,23.945
7ZF0_DHR,2,Minimal,25,42,0.8809523809523809,7,0.7381,True,0.2656,0.7381,0.637,0.953
7ZF0_DHR,2,Minimal,5,203,0.812807881773399,9,0.7094,True,0.1867,0.7094,0.602,0.959
7ZF0_DHR,2,Separate,25,40,0.875,5,0.7,True,0.2662,0.7,0.66,1.17
7ZF0_DHR,2,Separate,5,203,0.896551724137931,8,0.931,True,0.0685,0.931,0.609,1.081
7ZOC_T8E,4,SigmaDock,25,40,1.0,1,1.0,True,-0.0,1.0,0.414,
7ZOC_T8E,4,SigmaDock,5,40,0.075,39,0.05,True,0.9906,0.05,0.538,15.402
7ZOC_T8E,4,Minimal,25,40,0.95,3,0.925,True,0.0852,0.925,0.434,0.458
7ZOC_T8E,4,Minimal,5,201,0.9104477611940298,3,0.9154,True,0.0621,0.9154,0.507,0.808
7ZOC_T8E,4,Separate,25,40,1.0,2,0.975,True,0.0317,0.975,0.509,
7ZOC_T8E,4,Separate,5,200,0.995,3,0.99,True,0.0119,0.99,0.432,1.852
8A1H_DLZ,5,SigmaDock,25,40,0.1,6,0.45,False,0.3702,0.1,0.453,0.878
8A1H_DLZ,5,SigmaDock,5,40,0.0,38,0.05,False,0.9812,,,10.661
8A1H_DLZ,5,Minimal,25,40,0.75,5,0.775,True,0.2146,0.775,0.319,0.614
8A1H_DLZ,5,Minimal,5,200,0.715,12,0.75,True,0.1833,0.75,0.273,0.499
8A1H_DLZ,5,Separate,25,40,0.25,11,0.45,False,0.4632,0.25,0.414,0.678
8A1H_DLZ,5,Separate,5,200,0.165,32,0.385,False,0.4568,0.17,0.373,0.699
8AAU_LH0,6,SigmaDock,25,40,0.55,5,0.55,True,0.3247,0.55,0.253,0.957
8AAU_LH0,6,SigmaDock,5,40,0.0,40,0.025,False,1.0,,,11.504
8AAU_LH0,6,Minimal,25,40,0.75,6,0.425,True,0.3707,0.425,0.287,0.471
8AAU_LH0,6,Minimal,5,200,0.705,16,0.395,True,0.3135,0.395,0.262,0.409
8AAU_LH0,6,Separate,25,40,0.75,6,0.375,True,0.3672,0.375,0.248,0.465
8AAU_LH0,6,Separate,5,200,0.555,22,0.32,True,0.3738,0.32,0.229,0.521
8AIE_M7L,4,SigmaDock,25,40,0.3,9,0.275,True,0.5116,0.275,0.376,0.544
8AIE_M7L,4,SigmaDock,5,40,0.025,39,0.05,False,0.9906,0.025,0.649,9.733
8AIE_M7L,4,Minimal,25,40,0.125,13,0.275,False,0.5848,0.125,0.468,0.686
8AIE_M7L,4,Minimal,5,200,0.155,23,0.23,False,0.4409,0.135,0.498,0.694
8AIE_M7L,4,Separate,25,40,0.425,10,0.375,True,0.4967,0.375,0.419,0.557
8AIE_M7L,4,Separate,5,200,0.355,26,0.36,True,0.3929,0.36,0.383,0.613
8D5D_5DK,7,SigmaDock,25,40,0.1,4,0.825,False,0.171,0.1,0.415,0.43
8D5D_5DK,7,SigmaDock,5,40,0.0,40,0.025,False,1.0,,,9.229
8D5D_5DK,7,Minimal,25,40,0.125,17,0.4,False,0.6037,0.125,0.483,0.894
8D5D_5DK,7,Minimal,5,200,0.12,46,0.465,False,0.4605,0.11,0.591,0.779
8D5D_5DK,7,Separate,25,40,0.45,14,0.425,True,0.5081,0.425,0.441,0.866
8D5D_5DK,7,Separate,5,200,0.345,41,0.355,True,0.4006,0.355,0.511,0.86
8GFD_ZHR,5,SigmaDock,25,40,0.0,19,0.3,False,0.691,,,1.427
8GFD_ZHR,5,SigmaDock,5,40,0.0,40,0.025,False,1.0,,,18.302
8GFD_ZHR,5,Minimal,25,40,0.0,36,0.05,False,0.9624,,,1.308
8GFD_ZHR,5,Minimal,5,202,0.0297029702970297,136,0.0446,True,0.8923,0.0446,0.447,1.142
8GFD_ZHR,5,Separate,25,40,0.025,34,0.075,False,0.9401,0.025,0.281,0.977
8GFD_ZHR,5,Separate,5,200,0.005,113,0.045,False,0.8535,0.005,0.196,0.917
8SLG_G5A,5,SigmaDock,25,40,0.975,2,0.95,True,0.0538,0.95,0.263,0.488
8SLG_G5A,5,SigmaDock,5,40,0.05,39,0.05,True,0.9906,0.05,0.387,11.708
8SLG_G5A,5,Minimal,25,40,0.95,3,0.65,True,0.1999,0.65,0.307,0.49
8SLG_G5A,5,Minimal,5,200,0.92,4,0.755,True,0.1175,0.755,0.284,0.269
8SLG_G5A,5,Separate,25,40,0.875,3,0.775,True,0.1834,0.775,0.254,0.494
8SLG_G5A,5,Separate,5,200,0.93,5,0.76,True,0.1317,0.76,0.25,0.446
