arm,metric,k,random_pct,oracle_pct
Minimal,rmsd_lt_1.0A,1,0.2751,0.2751
Minimal,rmsd_lt_1.0A,2,0.2781,0.5467
Minimal,rmsd_lt_1.0A,3,0.2895,0.8158
Minimal,rmsd_lt_1.0A,5,0.2897,1.2907
Minimal,rmsd_lt_1.0A,10,0.2892,2.2919
Minimal,rmsd_lt_1.0A,20,0.2847,3.8361
Minimal,rmsd_lt_1.0A,40,0.2871,6.6986
Minimal,rmsd_lt_2.0A,1,4.8888,4.8888
Minimal,rmsd_lt_2.0A,2,4.8606,9.0490
Minimal,rmsd_lt_2.0A,3,4.8676,12.7536
Minimal,rmsd_lt_2.0A,5,4.8476,18.9151
Minimal,rmsd_lt_2.0A,10,4.8440,30.0801
Minimal,rmsd_lt_2.0A,20,4.8438,43.8947
Minimal,rmsd_lt_2.0A,40,4.8445,57.8947
Minimal,rmsd_lt_2.5A,1,10.9426,10.9426
Minimal,rmsd_lt_2.5A,2,10.8917,19.2476
Minimal,rmsd_lt_2.5A,3,10.9286,25.8158
Minimal,rmsd_lt_2.5A,5,10.9809,35.9868
Minimal,rmsd_lt_2.5A,10,10.9213,50.5562
Minimal,rmsd_lt_2.5A,20,10.9190,64.0239
Minimal,rmsd_lt_2.5A,40,10.9211,73.6842
Minimal,rmsd_lt_3.0A,1,18.7548,18.7548
Minimal,rmsd_lt_3.0A,2,18.6998,31.1089
Minimal,rmsd_lt_3.0A,3,18.8034,40.3433
Minimal,rmsd_lt_3.0A,5,18.7842,52.5024
Minimal,rmsd_lt_3.0A,10,18.7990,67.2201
Minimal,rmsd_lt_3.0A,20,18.8151,77.5275
Minimal,rmsd_lt_3.0A,40,18.8038,84.2105
Minimal,pb_valid_no_protein,1,16.4426,16.4426
Minimal,pb_valid_no_protein,2,16.3331,24.1459
Minimal,pb_valid_no_protein,3,16.4286,29.3397
Minimal,pb_valid_no_protein,5,16.4811,35.9163
Minimal,pb_valid_no_protein,10,16.4920,44.0215
Minimal,pb_valid_no_protein,20,16.4407,51.4246
Minimal,pb_valid_no_protein,40,16.4474,58.8517
Minimal,pb_valid_with_protein,1,4.6268,4.6268
Minimal,pb_valid_with_protein,2,4.4539,7.6184
Minimal,pb_valid_with_protein,3,4.5335,10.0861
Minimal,pb_valid_with_protein,5,4.5239,13.6722
Minimal,pb_valid_with_protein,10,4.5349,19.5072
Minimal,pb_valid_with_protein,20,4.4958,26.3002
Minimal,pb_valid_with_protein,40,4.5096,32.5359
Minimal,lt2A_and_valid_no_protein,1,2.2225,2.2225
Minimal,lt2A_and_valid_no_protein,2,2.2488,4.2572
Minimal,lt2A_and_valid_no_protein,3,2.2209,5.9713
Minimal,lt2A_and_valid_no_protein,5,2.2072,9.0215
Minimal,lt2A_and_valid_no_protein,10,2.2167,15.0897
Minimal,lt2A_and_valid_no_protein,20,2.2130,23.0670
Minimal,lt2A_and_valid_no_protein,40,2.2129,33.0144
Minimal,lt2A_and_valid_with_protein,1,0.8050,0.8050
Minimal,lt2A_and_valid_with_protein,2,0.8720,1.6687
Minimal,lt2A_and_valid_with_protein,3,0.8648,2.4007
Minimal,lt2A_and_valid_with_protein,5,0.8663,3.7895
Minimal,lt2A_and_valid_with_protein,10,0.8344,6.2404
Minimal,lt2A_and_valid_with_protein,20,0.8336,9.9139
Minimal,lt2A_and_valid_with_protein,40,0.8373,14.8325
Separate,rmsd_lt_1.0A,1,0.3349,0.3349
Separate,rmsd_lt_1.0A,2,0.3325,0.6483
Separate,rmsd_lt_1.0A,3,0.3285,0.9486
Separate,rmsd_lt_1.0A,5,0.3268,1.5215
Separate,rmsd_lt_1.0A,10,0.3344,2.8612
Separate,rmsd_lt_1.0A,20,0.3350,4.8230
Separate,rmsd_lt_1.0A,40,0.3349,7.1770
Separate,rmsd_lt_2.0A,1,5.4593,5.4593
Separate,rmsd_lt_2.0A,2,5.4844,10.1136
Separate,rmsd_lt_2.0A,3,5.4984,14.0754
Separate,rmsd_lt_2.0A,5,5.5156,20.8696
Separate,rmsd_lt_2.0A,10,5.4785,32.3254
Separate,rmsd_lt_2.0A,20,5.5069,45.5526
Separate,rmsd_lt_2.0A,40,5.4904,57.4163
Separate,rmsd_lt_2.5A,1,11.4844,11.4844
Separate,rmsd_lt_2.5A,2,11.5556,20.3230
Separate,rmsd_lt_2.5A,3,11.6180,27.4043
Separate,rmsd_lt_2.5A,5,11.6218,37.9498
Separate,rmsd_lt_2.5A,10,11.6645,53.5084
Separate,rmsd_lt_2.5A,20,11.6068,67.2775
Separate,rmsd_lt_2.5A,40,11.6029,77.9904
Separate,rmsd_lt_3.0A,1,20.8780,20.8780
Separate,rmsd_lt_3.0A,2,20.9498,34.2978
Separate,rmsd_lt_3.0A,3,20.8042,43.5311
Separate,rmsd_lt_3.0A,5,20.8220,55.7990
Separate,rmsd_lt_3.0A,10,20.7691,70.3744
Separate,rmsd_lt_3.0A,20,20.8404,80.9665
Separate,rmsd_lt_3.0A,40,20.8493,88.5167
Separate,pb_valid_no_protein,1,16.8421,16.8421
Separate,pb_valid_no_protein,2,16.7751,24.1543
Separate,pb_valid_no_protein,3,16.6260,28.5167
Separate,pb_valid_no_protein,5,16.7866,34.5467
Separate,pb_valid_no_protein,10,16.7880,41.9964
Separate,pb_valid_no_protein,20,16.7712,49.1926
Separate,pb_valid_no_protein,40,16.7823,56.9378
Separate,pb_valid_with_protein,1,4.5610,4.5610
Separate,pb_valid_with_protein,2,4.5311,7.7081
Separate,pb_valid_with_protein,3,4.6292,10.4785
Separate,pb_valid_with_protein,5,4.5823,14.3254
Separate,pb_valid_with_protein,10,4.5511,20.7189
Separate,pb_valid_with_protein,20,4.5629,28.0658
Separate,pb_valid_with_protein,40,4.5694,34.9282
Separate,lt2A_and_valid_no_protein,1,2.3756,2.3756
Separate,lt2A_and_valid_no_protein,2,2.3666,4.4246
Separate,lt2A_and_valid_no_protein,3,2.3768,6.2512
Separate,lt2A_and_valid_no_protein,5,2.3596,9.1495
Separate,lt2A_and_valid_no_protein,10,2.3414,14.5730
Separate,lt2A_and_valid_no_protein,20,2.3444,21.5383
Separate,lt2A_and_valid_no_protein,40,2.3445,28.7081
Separate,lt2A_and_valid_with_protein,1,0.8660,0.8660
Separate,lt2A_and_valid_with_protein,2,0.8690,1.6806
Separate,lt2A_and_valid_with_protein,3,0.8660,2.4306
Separate,lt2A_and_valid_with_protein,5,0.8321,3.6890
Separate,lt2A_and_valid_with_protein,10,0.8364,6.5347
Separate,lt2A_and_valid_with_protein,20,0.8468,11.2093
Separate,lt2A_and_valid_with_protein,40,0.8493,17.7033
SigmaDock,rmsd_lt_1.0A,1,0.0598,0.0598
SigmaDock,rmsd_lt_1.0A,2,0.0760,0.1507
SigmaDock,rmsd_lt_1.0A,3,0.0694,0.2057
SigmaDock,rmsd_lt_1.0A,5,0.0713,0.3505
SigmaDock,rmsd_lt_1.0A,10,0.0700,0.6734
SigmaDock,rmsd_lt_1.0A,20,0.0735,1.3636
SigmaDock,rmsd_lt_1.0A,40,0.0718,2.3923
SigmaDock,rmsd_lt_2.0A,1,0.7237,0.7237
SigmaDock,rmsd_lt_2.0A,2,0.6914,1.3589
SigmaDock,rmsd_lt_2.0A,3,0.7388,2.1208
SigmaDock,rmsd_lt_2.0A,5,0.7414,3.3804
SigmaDock,rmsd_lt_2.0A,10,0.7377,6.1543
SigmaDock,rmsd_lt_2.0A,20,0.7303,10.3505
SigmaDock,rmsd_lt_2.0A,40,0.7297,16.2679
SigmaDock,rmsd_lt_2.5A,1,1.6208,1.6208
SigmaDock,rmsd_lt_2.5A,2,1.6172,3.1244
SigmaDock,rmsd_lt_2.5A,3,1.6176,4.5060
SigmaDock,rmsd_lt_2.5A,5,1.6055,6.9438
SigmaDock,rmsd_lt_2.5A,10,1.6084,11.7859
SigmaDock,rmsd_lt_2.5A,20,1.6296,18.4079
SigmaDock,rmsd_lt_2.5A,40,1.6268,25.3589
SigmaDock,rmsd_lt_3.0A,1,3.0957,3.0957
SigmaDock,rmsd_lt_3.0A,2,3.1047,5.8696
SigmaDock,rmsd_lt_3.0A,3,3.0594,8.2093
SigmaDock,rmsd_lt_3.0A,5,3.0854,12.4139
SigmaDock,rmsd_lt_3.0A,10,3.1037,19.9737
SigmaDock,rmsd_lt_3.0A,20,3.0657,28.5299
SigmaDock,rmsd_lt_3.0A,40,3.0861,38.2775
SigmaDock,pb_valid_no_protein,1,5.4665,5.4665
SigmaDock,pb_valid_no_protein,2,5.4199,7.9414
SigmaDock,pb_valid_no_protein,3,5.4398,9.9892
SigmaDock,pb_valid_no_protein,5,5.4438,13.1627
SigmaDock,pb_valid_no_protein,10,5.4471,17.9833
SigmaDock,pb_valid_no_protein,20,5.4419,22.7464
SigmaDock,pb_valid_no_protein,40,5.4426,27.2727
SigmaDock,pb_valid_with_protein,1,0.6053,0.6053
SigmaDock,pb_valid_with_protein,2,0.6226,1.1794
SigmaDock,pb_valid_with_protein,3,0.6244,1.7057
SigmaDock,pb_valid_with_protein,5,0.6251,2.5885
SigmaDock,pb_valid_with_protein,10,0.6291,4.3888
SigmaDock,pb_valid_with_protein,20,0.6211,7.0514
SigmaDock,pb_valid_with_protein,40,0.6220,11.0048
SigmaDock,lt2A_and_valid_no_protein,1,0.3493,0.3493
SigmaDock,lt2A_and_valid_no_protein,2,0.3744,0.7249
SigmaDock,lt2A_and_valid_no_protein,3,0.3425,0.9833
SigmaDock,lt2A_and_valid_no_protein,5,0.3598,1.6304
SigmaDock,lt2A_and_valid_no_protein,10,0.3660,2.9163
SigmaDock,lt2A_and_valid_no_protein,20,0.3606,4.8146
SigmaDock,lt2A_and_valid_no_protein,40,0.3589,7.1770
SigmaDock,lt2A_and_valid_with_protein,1,0.1244,0.1244
SigmaDock,lt2A_and_valid_with_protein,2,0.1124,0.2249
SigmaDock,lt2A_and_valid_with_protein,3,0.1077,0.3146
SigmaDock,lt2A_and_valid_with_protein,5,0.1146,0.5287
SigmaDock,lt2A_and_valid_with_protein,10,0.1213,1.0514
SigmaDock,lt2A_and_valid_with_protein,20,0.1207,1.8254
SigmaDock,lt2A_and_valid_with_protein,40,0.1196,2.8708
