file,molecule,position,mol_pred_loaded,mol_true_loaded,mol_cond_loaded,sanitization,inchi_convertible,all_atoms_connected,no_radicals,molecular_formula,molecular_bonds,double_bond_stereochemistry,tetrahedral_chirality,bond_lengths,bond_angles,internal_steric_clash,aromatic_ring_flatness,non-aromatic_ring_non-flatness,double_bond_flatness,internal_energy,rmsd_â‰¤_2ã…
sigmadock_12h_pred\5S8I_2LY__5S8I_2LY_ligands_seed0.sdf,,0,True,True,False,True,True,True,True,True,True,True,True,True,False,True,True,True,True,True,False
sigmadock_12h_pred\5SAK_ZRY__5SAK_ZRY_ligands_seed0.sdf,,0,True,True,False,True,True,True,True,True,True,True,True,False,False,True,True,True,True,True,False
sigmadock_12h_pred\5SD5_HWI__5SD5_HWI_ligands_seed0.sdf,,0,True,True,False,True,True,True,True,True,True,True,True,True,False,False,True,True,True,True,False
sigmadock_12h_pred\5SIS_JSM__5SIS_JSM_ligands_seed0.sdf,,0,True,True,False,True,True,True,True,True,True,True,True,False,False,False,True,True,True,False,False
sigmadock_12h_pred\6T88_MWQ__6T88_MWQ_ligands_seed0.sdf,,0,True,True,False,True,True,True,True,True,True,True,True,False,False,True,True,True,True,True,True
sigmadock_12h_pred\6TW5_9M2__6TW5_9M2_ligands_seed0.sdf,,0,True,True,False,True,True,True,True,True,True,True,True,True,False,False,True,True,True,False,False
sigmadock_12h_pred\6VTA_AKN__6VTA_AKN_ligands_seed0.sdf,,0,True,True,False,True,True,True,True,True,True,True,True,False,False,False,True,True,True,False,False
sigmadock_12h_pred\6XAF_GDP__6XAF_GDP_ligands_seed0.sdf,,0,True,True,False,True,True,True,True,True,True,True,True,False,False,False,True,True,True,False,True
sigmadock_12h_pred\6XG5_TOP__6XG5_TOP_ligands_seed0.sdf,,0,True,True,False,True,True,True,True,True,True,True,True,True,True,True,True,True,True,True,False
sigmadock_12h_pred\6XUM_30L__6XUM_30L_ligands_seed0.sdf,,0,True,True,False,True,True,True,True,True,True,True,True,False,False,False,True,True,True,False,False
sigmadock_12h_pred\6Y7L_QMG__6Y7L_QMG_ligands_seed0.sdf,,0,True,True,False,True,True,True,True,True,True,True,True,True,False,False,True,True,True,False,False
sigmadock_12h_pred\6YDY_K73__6YDY_K73_ligands_seed0.sdf,,0,True,True,False,True,True,True,True,True,True,True,False,False,False,False,True,True,True,False,False
sigmadock_12h_pred\6YRV_PJ8__6YRV_PJ8_ligands_seed0.sdf,,0,True,True,False,True,True,True,True,True,True,True,True,True,False,False,True,True,True,False,False
sigmadock_12h_pred\6YSP_PAL__6YSP_PAL_ligands_seed0.sdf,,0,True,True,False,True,True,True,True,True,True,True,False,False,False,False,True,True,True,False,False
sigmadock_12h_pred\6YT6_PKE__6YT6_PKE_ligands_seed0.sdf,,0,True,True,False,True,True,True,True,True,True,True,True,False,False,False,True,True,True,False,False
sigmadock_12h_pred\6Z0R_Q4H__6Z0R_Q4H_ligands_seed0.sdf,,0,True,True,False,True,True,True,True,True,True,True,True,True,True,True,True,True,True,True,False
sigmadock_12h_pred\6Z14_Q4Z__6Z14_Q4Z_ligands_seed0.sdf,,0,True,True,False,True,True,True,True,True,True,True,True,False,True,True,True,True,True,True,False
sigmadock_12h_pred\6Z5Z_BDF__6Z5Z_BDF_ligands_seed0.sdf,,0,True,True,False,True,True,True,True,True,True,True,True,True,True,True,True,True,True,True,False
sigmadock_12h_pred\6ZCY_QF8__6ZCY_QF8_ligands_seed0.sdf,,0,True,True,False,True,True,True,True,True,True,True,True,False,False,False,True,True,True,True,False
sigmadock_12h_pred\6ZPB_3D1__6ZPB_3D1_ligands_seed0.sdf,,0,True,True,False,True,True,True,True,True,True,True,True,True,True,True,True,True,True,True,False
sigmadock_12h_pred\7A1P_QW2__7A1P_QW2_ligands_seed0.sdf,,0,True,True,False,True,True,True,True,True,True,True,False,False,False,False,True,True,True,False,True
sigmadock_12h_pred\7AMC_73B__7AMC_73B_ligands_seed0.sdf,,0,True,True,False,True,True,True,True,True,True,True,True,False,False,True,True,True,True,True,False
sigmadock_12h_pred\7AVI_S2Q__7AVI_S2Q_ligands_seed0.sdf,,0,True,True,False,True,True,True,True,True,True,True,True,False,False,False,True,True,True,False,False
sigmadock_12h_pred\7BJ6_TVK__7BJ6_TVK_ligands_seed0.sdf,,0,True,True,False,True,True,True,True,True,True,True,True,True,False,False,True,True,True,False,False
sigmadock_12h_pred\7BLG_GAL__7BLG_GAL_ligands_seed0.sdf,,0,True,True,False,True,True,True,True,True,True,True,True,True,True,True,True,True,True,True,False
sigmadock_12h_pred\7BNH_BEZ__7BNH_BEZ_ligands_seed0.sdf,,0,True,True,False,True,True,True,True,True,True,True,True,True,True,True,True,True,True,True,False
sigmadock_12h_pred\7C8Q_DSG__7C8Q_DSG_ligands_seed0.sdf,,0,True,True,False,True,True,True,True,True,True,True,True,True,True,True,True,True,True,True,True
sigmadock_12h_pred\7CIJ_G0C__7CIJ_G0C_ligands_seed0.sdf,,0,True,True,False,True,True,True,True,True,True,True,True,False,False,False,True,True,True,False,False
sigmadock_12h_pred\7CNQ_G8X__7CNQ_G8X_ligands_seed0.sdf,,0,True,True,False,True,True,True,True,True,True,True,True,True,True,True,True,True,True,True,False
sigmadock_12h_pred\7CUO_PHB__7CUO_PHB_ligands_seed0.sdf,,0,True,True,False,True,True,True,True,True,True,True,True,True,True,True,True,True,True,True,True
sigmadock_12h_pred\7D8Q_GZF__7D8Q_GZF_ligands_seed0.sdf,,0,True,True,False,True,True,True,True,True,True,True,True,False,True,True,True,True,True,True,False
sigmadock_12h_pred\7E4L_MDN__7E4L_MDN_ligands_seed0.sdf,,0,True,True,False,True,True,True,True,True,True,True,True,True,False,False,True,True,True,True,True
sigmadock_12h_pred\7ECR_SIN__7ECR_SIN_ligands_seed0.sdf,,0,True,True,False,True,True,True,True,True,True,True,True,False,False,False,True,True,True,False,False
sigmadock_12h_pred\7ED2_A3P__7ED2_A3P_ligands_seed0.sdf,,0,True,True,False,True,True,True,True,True,True,True,True,False,True,False,True,True,True,False,False
sigmadock_12h_pred\7EN7_J79__7EN7_J79_ligands_seed0.sdf,,0,True,True,False,True,True,True,True,True,True,True,True,True,False,False,True,True,True,False,False
sigmadock_12h_pred\7EPV_FDA__7EPV_FDA_ligands_seed0.sdf,,0,True,True,False,True,True,True,True,True,True,True,True,False,False,False,True,True,True,False,False
sigmadock_12h_pred\7F5D_EUO__7F5D_EUO_ligands_seed0.sdf,,0,True,True,False,True,True,True,True,True,True,True,True,True,True,True,True,True,True,True,False
sigmadock_12h_pred\7F8T_FAD__7F8T_FAD_ligands_seed0.sdf,,0,True,True,False,True,True,True,True,True,True,True,True,False,True,False,True,True,True,False,False
sigmadock_12h_pred\7FB7_8NF__7FB7_8NF_ligands_seed0.sdf,,0,True,True,False,True,True,True,True,True,True,True,True,True,True,True,True,True,True,True,False
sigmadock_12h_pred\7FRX_O88__7FRX_O88_ligands_seed0.sdf,,0,True,True,False,True,True,True,True,True,True,True,True,False,False,False,True,True,True,False,False
sigmadock_12h_pred\7FT9_4MB__7FT9_4MB_ligands_seed0.sdf,,0,True,True,False,True,True,True,True,True,True,True,True,True,True,True,True,True,True,True,False
sigmadock_12h_pred\7JG0_GAR__7JG0_GAR_ligands_seed0.sdf,,0,True,True,False,True,True,True,True,True,True,True,True,True,True,True,True,True,True,True,False
sigmadock_12h_pred\7JGW_V9S__7JGW_V9S_ligands_seed0.sdf,,0,True,True,False,True,True,True,True,True,True,True,True,False,False,False,True,True,True,False,False
sigmadock_12h_pred\7JHQ_VAJ__7JHQ_VAJ_ligands_seed0.sdf,,0,True,True,False,True,True,True,True,True,True,True,True,True,True,True,True,True,True,True,True
sigmadock_12h_pred\7JMV_4NC__7JMV_4NC_ligands_seed0.sdf,,0,True,True,False,True,True,True,True,True,True,True,True,True,True,True,True,True,True,True,True
sigmadock_12h_pred\7K0V_VQP__7K0V_VQP_ligands_seed0.sdf,,0,True,True,False,True,True,True,True,True,True,True,True,True,True,True,True,True,True,True,False
sigmadock_12h_pred\7K41_VUA__7K41_VUA_ligands_seed0.sdf,,0,True,True,False,True,True,True,True,True,True,True,True,True,True,True,True,True,True,True,False
sigmadock_12h_pred\7KFO_IAC__7KFO_IAC_ligands_seed0.sdf,,0,True,True,False,True,True,True,True,True,True,True,True,True,True,True,True,True,True,True,False
sigmadock_12h_pred\7KQU_YOF__7KQU_YOF_ligands_seed0.sdf,,0,True,True,False,True,True,True,True,True,True,True,True,True,True,True,True,True,True,True,False
sigmadock_12h_pred\7KRU_ATP__7KRU_ATP_ligands_seed0.sdf,,0,True,True,False,True,True,True,True,True,True,True,True,False,False,False,True,True,True,False,False
sigmadock_12h_pred\7L00_XCJ__7L00_XCJ_ligands_seed0.sdf,,0,True,True,False,True,True,True,True,True,True,True,True,False,False,False,True,True,True,False,False
sigmadock_12h_pred\7L5F_XNG__7L5F_XNG_ligands_seed0.sdf,,0,True,True,False,True,True,True,True,True,True,True,True,True,False,False,True,True,True,False,False
sigmadock_12h_pred\7L6D_BMF__7L6D_BMF_ligands_seed0.sdf,,0,True,True,False,True,True,True,True,True,True,True,True,True,False,True,True,True,True,True,False
sigmadock_12h_pred\7LB3_XXS__7LB3_XXS_ligands_seed0.sdf,,0,True,True,False,True,True,True,True,True,True,True,True,True,True,True,True,True,True,True,False
sigmadock_12h_pred\7LEV_0JO__7LEV_0JO_ligands_seed0.sdf,,0,True,True,False,True,True,True,True,True,True,True,True,True,False,True,True,True,True,True,False
sigmadock_12h_pred\7LJN_GTP__7LJN_GTP_ligands_seed0.sdf,,0,True,True,False,True,True,True,True,True,True,True,True,False,True,False,True,True,True,True,False
sigmadock_12h_pred\7LOE_Y84__7LOE_Y84_ligands_seed0.sdf,,0,True,True,False,True,True,True,True,True,True,True,True,True,True,True,True,True,True,True,True
sigmadock_12h_pred\7LOU_IFM__7LOU_IFM_ligands_seed0.sdf,,0,True,True,False,True,True,True,True,True,True,True,True,True,True,True,True,True,True,True,False
sigmadock_12h_pred\7LZQ_YJV__7LZQ_YJV_ligands_seed0.sdf,,0,True,True,False,True,True,True,True,True,True,True,True,True,True,True,True,True,True,True,False
sigmadock_12h_pred\7M3H_YPV__7M3H_YPV_ligands_seed0.sdf,,0,True,True,False,True,True,True,True,True,True,True,True,False,False,False,True,True,True,False,False
sigmadock_12h_pred\7M6K_YRJ__7M6K_YRJ_ligands_seed0.sdf,,0,True,True,False,True,True,True,True,True,True,True,True,False,False,False,True,True,True,False,False
sigmadock_12h_pred\7MFP_Z7P__7MFP_Z7P_ligands_seed0.sdf,,0,True,True,False,True,True,True,True,True,True,True,True,False,False,False,True,True,True,False,False
sigmadock_12h_pred\7MMH_ZJY__7MMH_ZJY_ligands_seed0.sdf,,0,True,True,False,True,True,True,True,True,True,True,True,False,False,False,True,True,True,False,False
sigmadock_12h_pred\7MRH_ZMJ__7MRH_ZMJ_ligands_seed0.sdf,,0,True,True,False,True,True,True,True,True,True,True,True,True,True,True,True,True,True,True,False
sigmadock_12h_pred\7MS7_ZQ1__7MS7_ZQ1_ligands_seed0.sdf,,0,True,True,False,True,True,True,True,True,True,True,True,True,False,False,True,True,True,False,False
sigmadock_12h_pred\7MYU_ZR7__7MYU_ZR7_ligands_seed0.sdf,,0,True,True,False,True,True,True,True,True,True,True,True,False,True,False,True,True,True,False,False
sigmadock_12h_pred\7N7H_CTP__7N7H_CTP_ligands_seed0.sdf,,0,True,True,False,True,True,True,True,True,True,True,True,False,False,False,True,True,True,False,False
sigmadock_12h_pred\7NA4_1I9__7NA4_1I9_ligands_seed0.sdf,,0,True,True,False,True,True,True,True,True,True,True,False,False,False,False,True,True,True,False,False
sigmadock_12h_pred\7NF3_4LU__7NF3_4LU_ligands_seed0.sdf,,0,True,True,False,True,True,True,True,True,True,True,True,False,True,True,True,True,True,True,False
sigmadock_12h_pred\7NFB_GEN__7NFB_GEN_ligands_seed0.sdf,,0,True,True,False,True,True,True,True,True,True,True,True,True,True,True,True,True,True,True,False
sigmadock_12h_pred\7NLK_UHK__7NLK_UHK_ligands_seed0.sdf,,0,True,True,False,True,True,True,True,True,True,True,False,False,False,False,True,True,True,False,False
sigmadock_12h_pred\7NLV_UJE__7NLV_UJE_ligands_seed0.sdf,,0,True,True,False,True,True,True,True,True,True,True,True,False,False,False,True,True,True,False,False
sigmadock_12h_pred\7NML_I7B__7NML_I7B_ligands_seed0.sdf,,0,True,True,False,True,True,True,True,True,True,True,True,True,True,True,True,True,True,True,False
sigmadock_12h_pred\7NPL_UKZ__7NPL_UKZ_ligands_seed0.sdf,,0,True,True,False,True,True,True,True,True,True,True,True,False,False,False,True,True,True,True,False
sigmadock_12h_pred\7NR6_UO8__7NR6_UO8_ligands_seed0.sdf,,0,True,True,False,True,True,True,True,True,True,True,True,True,True,True,True,True,True,True,True
sigmadock_12h_pred\7NR8_UOE__7NR8_UOE_ligands_seed0.sdf,,0,True,True,False,True,True,True,True,True,True,True,True,False,False,False,True,True,True,False,False
sigmadock_12h_pred\7NTG_F6R__7NTG_F6R_ligands_seed0.sdf,,0,True,True,False,True,True,True,True,True,True,True,True,False,False,False,True,True,True,False,False
sigmadock_12h_pred\7NU0_DCL__7NU0_DCL_ligands_seed0.sdf,,0,True,True,False,True,True,True,True,True,True,True,True,False,False,True,True,True,True,True,False
sigmadock_12h_pred\7NXO_UU8__7NXO_UU8_ligands_seed0.sdf,,0,True,True,False,True,True,True,True,True,True,True,True,False,False,False,True,True,True,True,False
sigmadock_12h_pred\7O1T_5X8__7O1T_5X8_ligands_seed0.sdf,,0,True,True,False,True,True,True,True,True,True,True,True,True,False,True,True,True,True,True,False
sigmadock_12h_pred\7OCB_V88__7OCB_V88_ligands_seed0.sdf,,0,True,True,False,True,True,True,True,True,True,True,True,False,False,False,True,True,True,False,False
sigmadock_12h_pred\7ODX_DGP__7ODX_DGP_ligands_seed0.sdf,,0,True,True,False,True,True,True,True,True,True,True,True,True,True,True,True,True,True,True,True
sigmadock_12h_pred\7OEO_V9Z__7OEO_V9Z_ligands_seed0.sdf,,0,True,True,False,True,True,True,True,True,True,True,True,False,False,False,True,True,True,False,False
sigmadock_12h_pred\7OFF_VCB__7OFF_VCB_ligands_seed0.sdf,,0,True,True,False,True,True,True,True,True,True,True,False,True,False,False,True,True,True,False,False
sigmadock_12h_pred\7OFK_VCH__7OFK_VCH_ligands_seed0.sdf,,0,True,True,False,True,True,True,True,True,True,True,True,True,False,False,True,True,True,False,False
sigmadock_12h_pred\7OLI_8HG__7OLI_8HG_ligands_seed0.sdf,,0,True,True,False,True,True,True,True,True,True,True,True,True,True,True,True,True,True,True,True
sigmadock_12h_pred\7OMX_CNA__7OMX_CNA_ligands_seed0.sdf,,0,True,True,False,True,True,True,True,True,True,True,True,True,False,False,True,True,True,False,False
sigmadock_12h_pred\7OPG_06N__7OPG_06N_ligands_seed0.sdf,,0,True,True,False,True,True,True,True,True,True,True,True,False,False,False,True,True,True,False,False
sigmadock_12h_pred\7ORW_7WA__7ORW_7WA_ligands_seed0.sdf,,0,True,True,False,True,True,True,True,True,True,True,True,True,True,True,True,True,True,True,False
sigmadock_12h_pred\7OSO_0V1__7OSO_0V1_ligands_seed0.sdf,,0,True,True,False,True,True,True,True,True,True,True,True,True,True,True,True,True,True,True,False
sigmadock_12h_pred\7OZ9_NGK__7OZ9_NGK_ligands_seed0.sdf,,0,True,True,False,True,True,True,True,True,True,True,True,True,True,False,True,True,True,True,False
sigmadock_12h_pred\7OZC_G6S__7OZC_G6S_ligands_seed0.sdf,,0,True,True,False,True,True,True,True,True,True,True,True,False,False,True,True,True,True,True,False
sigmadock_12h_pred\7P1M_4IU__7P1M_4IU_ligands_seed0.sdf,,0,True,True,False,True,True,True,True,True,True,True,True,False,False,True,True,True,True,True,False
sigmadock_12h_pred\7P2I_MFU__7P2I_MFU_ligands_seed0.sdf,,0,True,True,False,True,True,True,True,True,True,True,True,True,True,True,True,True,True,True,False
sigmadock_12h_pred\7P2W_4QR__7P2W_4QR_ligands_seed0.sdf,,0,True,True,False,True,True,True,True,True,True,True,True,False,False,False,True,True,True,True,False
sigmadock_12h_pred\7P5T_5YG__7P5T_5YG_ligands_seed0.sdf,,0,True,True,False,True,True,True,True,True,True,True,True,False,False,True,True,True,True,True,False
sigmadock_12h_pred\7P85_5ZG__7P85_5ZG_ligands_seed0.sdf,,0,True,True,False,True,True,True,True,True,True,True,True,False,True,True,True,True,True,True,False
sigmadock_12h_pred\7PA4_C__7PA4_C_ligands_seed0.sdf,,0,True,True,False,True,True,True,True,True,True,True,True,False,False,True,True,True,True,True,False
sigmadock_12h_pred\7PIH_7QW__7PIH_7QW_ligands_seed0.sdf,,0,True,True,False,True,True,True,True,True,True,True,True,True,True,True,True,True,True,True,False
sigmadock_12h_pred\7PK0_BYC__7PK0_BYC_ligands_seed0.sdf,,0,True,True,False,True,True,True,True,True,True,True,True,False,False,False,True,True,True,False,False
sigmadock_12h_pred\7Q19_DSM__7Q19_DSM_ligands_seed0.sdf,,0,True,True,False,True,True,True,True,True,True,True,True,True,True,True,True,True,True,True,False
sigmadock_12h_pred\7Q2B_M6H__7Q2B_M6H_ligands_seed0.sdf,,0,True,True,False,True,True,True,True,True,True,True,True,True,True,True,True,True,True,True,False
sigmadock_12h_pred\7Q5I_I0F__7Q5I_I0F_ligands_seed0.sdf,,0,True,True,False,True,True,True,True,True,True,True,True,False,False,False,True,True,True,True,False
sigmadock_12h_pred\7QE4_NGA__7QE4_NGA_ligands_seed0.sdf,,0,True,True,False,True,True,True,True,True,True,True,True,True,True,True,True,True,True,True,False
sigmadock_12h_pred\7QF4_RBF__7QF4_RBF_ligands_seed0.sdf,,0,True,True,False,True,True,True,True,True,True,True,True,True,True,True,True,True,True,True,False
sigmadock_12h_pred\7QHL_D5P__7QHL_D5P_ligands_seed0.sdf,,0,True,True,False,True,True,True,True,True,True,True,True,False,True,False,True,True,True,True,False
sigmadock_12h_pred\7QK0_EBL__7QK0_EBL_ligands_seed0.sdf,,0,True,True,False,True,True,True,True,True,True,True,True,False,False,False,True,True,True,False,False
sigmadock_12h_pred\7R3D_APR__7R3D_APR_ligands_seed0.sdf,,0,True,True,False,True,True,True,True,True,True,True,True,True,False,False,True,True,True,True,False
sigmadock_12h_pred\7R7R_AWJ__7R7R_AWJ_ligands_seed0.sdf,,0,True,True,False,True,True,True,True,True,True,True,False,False,False,False,True,True,True,False,False
sigmadock_12h_pred\7RC3_SAH__7RC3_SAH_ligands_seed0.sdf,,0,True,True,False,True,True,True,True,True,True,True,True,True,False,False,True,True,True,True,False
sigmadock_12h_pred\7REE_4LY__7REE_4LY_ligands_seed0.sdf,,0,True,True,False,True,True,True,True,True,True,True,True,False,False,False,True,True,True,False,False
sigmadock_12h_pred\7RH3_59O__7RH3_59O_ligands_seed0.sdf,,0,True,True,False,True,True,True,True,True,True,True,True,False,False,False,True,True,True,True,False
sigmadock_12h_pred\7RKW_5TV__7RKW_5TV_ligands_seed0.sdf,,0,True,True,False,True,True,True,True,True,True,True,False,False,False,False,True,True,True,False,False
sigmadock_12h_pred\7RSV_7IQ__7RSV_7IQ_ligands_seed0.sdf,,0,True,True,False,True,True,True,True,True,True,True,True,True,True,True,True,True,True,True,False
sigmadock_12h_pred\7RUI_7QZ__7RUI_7QZ_ligands_seed0.sdf,,0,True,True,False,True,True,True,True,True,True,True,True,False,False,False,True,True,True,False,False
sigmadock_12h_pred\7RWO_7WN__7RWO_7WN_ligands_seed0.sdf,,0,True,True,False,True,True,True,True,True,True,True,True,False,True,True,True,True,True,True,False
sigmadock_12h_pred\7RWS_4UR__7RWS_4UR_ligands_seed0.sdf,,0,True,True,False,True,True,True,True,True,True,True,False,True,False,False,True,True,True,True,False
sigmadock_12h_pred\7RZL_NPO__7RZL_NPO_ligands_seed0.sdf,,0,True,True,False,True,True,True,True,True,True,True,True,True,True,True,True,True,True,True,False
sigmadock_12h_pred\7SCW_GSP__7SCW_GSP_ligands_seed0.sdf,,0,True,True,False,True,True,True,True,True,True,True,True,False,False,False,True,True,True,False,False
sigmadock_12h_pred\7SED_8VD__7SED_8VD_ligands_seed0.sdf,,0,True,True,False,True,True,True,True,True,True,True,True,False,False,False,True,True,True,False,False
sigmadock_12h_pred\7SNE_9XR__7SNE_9XR_ligands_seed0.sdf,,0,True,True,False,True,True,True,True,True,True,True,True,False,False,False,True,True,True,False,False
sigmadock_12h_pred\7SZA_DUI__7SZA_DUI_ligands_seed0.sdf,,0,True,True,False,True,True,True,True,True,True,True,True,True,True,True,True,True,True,True,False
sigmadock_12h_pred\7T0D_FPP__7T0D_FPP_ligands_seed0.sdf,,0,True,True,False,True,True,True,True,True,True,True,True,False,False,False,True,True,True,False,False
sigmadock_12h_pred\7T1D_E7K__7T1D_E7K_ligands_seed0.sdf,,0,True,True,False,True,True,True,True,True,True,True,True,False,False,False,True,True,True,False,False
sigmadock_12h_pred\7T9O_GEI__7T9O_GEI_ligands_seed0.sdf,,0,True,True,False,True,True,True,True,True,True,True,False,False,False,False,True,True,True,True,False
sigmadock_12h_pred\7TB0_UD1__7TB0_UD1_ligands_seed0.sdf,,0,True,True,False,True,True,True,True,True,True,True,True,False,False,False,True,True,True,False,False
sigmadock_12h_pred\7TH4_FFO__7TH4_FFO_ligands_seed0.sdf,,0,True,True,False,True,True,True,True,True,True,True,False,False,False,False,True,True,True,False,False
sigmadock_12h_pred\7THI_PGA__7THI_PGA_ligands_seed0.sdf,,0,True,True,False,True,True,True,True,True,True,True,True,False,False,True,True,True,True,False,False
sigmadock_12h_pred\7TOM_5AD__7TOM_5AD_ligands_seed0.sdf,,0,True,True,False,True,True,True,True,True,True,True,True,True,True,True,True,True,True,True,False
sigmadock_12h_pred\7TS6_KMI__7TS6_KMI_ligands_seed0.sdf,,0,True,True,False,True,True,True,True,True,True,True,True,True,True,True,True,True,True,True,False
sigmadock_12h_pred\7TSF_H4B__7TSF_H4B_ligands_seed0.sdf,,0,True,True,False,True,True,True,True,True,True,True,True,True,True,True,True,True,True,True,False
sigmadock_12h_pred\7TUO_KL9__7TUO_KL9_ligands_seed0.sdf,,0,True,True,False,True,True,True,True,True,True,True,True,True,True,False,True,True,True,True,False
sigmadock_12h_pred\7TWC_CXS__7TWC_CXS_ligands_seed0.sdf,,0,True,True,False,True,True,True,True,True,True,True,True,True,True,True,True,True,True,True,False
sigmadock_12h_pred\7TXK_LW8__7TXK_LW8_ligands_seed0.sdf,,0,True,True,False,True,True,True,True,True,True,True,False,True,False,False,True,True,True,False,False
sigmadock_12h_pred\7U0U_FK5__7U0U_FK5_ligands_seed0.sdf,,0,True,True,False,True,True,True,True,True,True,True,True,False,False,False,True,True,True,False,False
sigmadock_12h_pred\7U3J_L6U__7U3J_L6U_ligands_seed0.sdf,,0,True,True,False,True,True,True,True,True,True,True,False,False,False,False,True,True,True,False,False
sigmadock_12h_pred\7UAS_MBU__7UAS_MBU_ligands_seed0.sdf,,0,True,True,False,True,True,True,True,True,True,True,False,True,False,False,True,True,True,True,False
sigmadock_12h_pred\7UAW_MF6__7UAW_MF6_ligands_seed0.sdf,,0,True,True,False,True,True,True,True,True,True,True,True,False,True,True,True,True,True,True,False
sigmadock_12h_pred\7UEY_N0R__7UEY_N0R_ligands_seed0.sdf,,0,True,True,False,True,True,True,True,True,True,True,True,False,False,False,True,True,True,True,False
sigmadock_12h_pred\7UF2_5SP__7UF2_5SP_ligands_seed0.sdf,,0,True,True,False,True,True,True,True,True,True,True,True,False,False,True,True,True,True,True,True
sigmadock_12h_pred\7UJ5_DGL__7UJ5_DGL_ligands_seed0.sdf,,0,True,True,False,True,True,True,True,True,True,True,True,False,False,True,True,True,True,True,False
sigmadock_12h_pred\7USH_82V__7USH_82V_ligands_seed0.sdf,,0,True,True,False,True,True,True,True,True,True,True,True,True,True,True,True,True,True,True,False
sigmadock_12h_pred\7UTW_NAI__7UTW_NAI_ligands_seed0.sdf,,0,True,True,False,True,True,True,True,True,True,True,True,False,False,False,True,True,True,True,False
sigmadock_12h_pred\7UY4_SMI__7UY4_SMI_ligands_seed0.sdf,,0,True,True,False,True,True,True,True,True,True,True,True,True,False,False,True,True,True,True,False
sigmadock_12h_pred\7V14_ORU__7V14_ORU_ligands_seed0.sdf,,0,True,True,False,True,True,True,True,True,True,True,True,False,True,False,True,True,True,True,False
sigmadock_12h_pred\7VB8_STL__7VB8_STL_ligands_seed0.sdf,,0,True,True,False,True,True,True,True,True,True,True,True,True,True,True,True,True,True,True,True
sigmadock_12h_pred\7VBU_6I4__7VBU_6I4_ligands_seed0.sdf,,0,True,True,False,True,True,True,True,True,True,True,True,True,True,True,True,True,True,True,False
sigmadock_12h_pred\7VJT_7IJ__7VJT_7IJ_ligands_seed0.sdf,,0,True,True,False,True,True,True,True,True,True,True,True,True,True,False,True,True,True,True,False
sigmadock_12h_pred\7VKZ_NOJ__7VKZ_NOJ_ligands_seed0.sdf,,0,True,True,False,True,True,True,True,True,True,True,True,True,True,True,True,True,True,True,False
sigmadock_12h_pred\7VWF_K55__7VWF_K55_ligands_seed0.sdf,,0,True,True,False,True,True,True,True,True,True,True,True,False,False,False,True,True,True,False,False
sigmadock_12h_pred\7W05_GMP__7W05_GMP_ligands_seed0.sdf,,0,True,True,False,True,True,True,True,True,True,True,True,True,True,True,True,True,True,True,False
sigmadock_12h_pred\7W06_ITN__7W06_ITN_ligands_seed0.sdf,,0,True,True,False,True,True,True,True,True,True,True,True,False,False,False,True,True,True,False,False
sigmadock_12h_pred\7W6F_8I6__7W6F_8I6_ligands_seed0.sdf,,0,True,True,False,True,True,True,True,True,True,True,True,True,True,True,True,True,True,True,False
sigmadock_12h_pred\7WCF_ACP__7WCF_ACP_ligands_seed0.sdf,,0,True,True,False,True,True,True,True,True,True,True,True,True,False,False,True,True,True,False,False
sigmadock_12h_pred\7WKL_CAQ__7WKL_CAQ_ligands_seed0.sdf,,0,True,True,False,True,True,True,True,True,True,True,True,True,True,True,True,True,True,True,False
sigmadock_12h_pred\7WL4_JFU__7WL4_JFU_ligands_seed0.sdf,,0,True,True,False,True,True,True,True,True,True,True,True,True,False,False,True,True,True,False,False
sigmadock_12h_pred\7WPW_F15__7WPW_F15_ligands_seed0.sdf,,0,True,True,False,True,True,True,True,True,True,True,True,False,True,True,True,True,True,True,False
sigmadock_12h_pred\7WQQ_5Z6__7WQQ_5Z6_ligands_seed0.sdf,,0,True,True,False,True,True,True,True,True,True,True,True,False,False,False,True,True,True,False,False
sigmadock_12h_pred\7WUX_6OI__7WUX_6OI_ligands_seed0.sdf,,0,True,True,False,True,True,True,True,True,True,True,True,False,False,False,True,True,True,False,False
sigmadock_12h_pred\7WUY_76N__7WUY_76N_ligands_seed0.sdf,,0,True,True,False,True,True,True,True,True,True,True,True,True,True,False,True,True,True,True,False
sigmadock_12h_pred\7X5N_5M5__7X5N_5M5_ligands_seed0.sdf,,0,True,True,False,True,True,True,True,True,True,True,False,False,False,False,True,True,True,False,False
sigmadock_12h_pred\7X9K_8OG__7X9K_8OG_ligands_seed0.sdf,,0,True,True,False,True,True,True,True,True,True,True,True,True,True,True,True,True,True,True,False
sigmadock_12h_pred\7XBV_APC__7XBV_APC_ligands_seed0.sdf,,0,True,True,False,True,True,True,True,True,True,True,True,False,False,False,True,True,True,True,False
sigmadock_12h_pred\7XEK_9YX__7XEK_9YX_ligands_seed0.sdf,,0,True,True,False,True,True,True,True,True,True,True,True,False,True,True,True,True,True,True,False
sigmadock_12h_pred\7XFA_D9J__7XFA_D9J_ligands_seed0.sdf,,0,True,True,False,True,True,True,True,True,True,True,True,False,False,False,True,True,True,False,False
sigmadock_12h_pred\7XIJ_EJ3__7XIJ_EJ3_ligands_seed0.sdf,,0,True,True,False,True,True,True,True,True,True,True,True,False,False,False,True,True,True,False,False
sigmadock_12h_pred\7XQZ_FPF__7XQZ_FPF_ligands_seed0.sdf,,0,True,True,False,True,True,True,True,True,True,True,True,True,False,True,True,True,True,True,False
sigmadock_12h_pred\7XRL_FWK__7XRL_FWK_ligands_seed0.sdf,,0,True,True,False,True,True,True,True,True,True,True,True,True,True,True,True,True,True,True,False
sigmadock_12h_pred\7YZU_DO7__7YZU_DO7_ligands_seed0.sdf,,0,True,True,False,True,True,True,True,True,True,True,True,True,True,True,True,True,True,True,False
sigmadock_12h_pred\7Z1Q_NIO__7Z1Q_NIO_ligands_seed0.sdf,,0,True,True,False,True,True,True,True,True,True,True,True,True,True,True,True,True,True,True,False
sigmadock_12h_pred\7Z2O_IAJ__7Z2O_IAJ_ligands_seed0.sdf,,0,True,True,False,True,True,True,True,True,True,True,True,True,False,False,True,True,True,True,False
sigmadock_12h_pred\7Z7F_IF3__7Z7F_IF3_ligands_seed0.sdf,,0,True,True,False,True,True,True,True,True,True,True,True,True,True,True,True,True,True,True,False
sigmadock_12h_pred\7ZCC_OGA__7ZCC_OGA_ligands_seed0.sdf,,0,True,True,False,True,True,True,True,True,True,True,True,True,False,False,True,True,True,False,False
sigmadock_12h_pred\7ZDY_6MJ__7ZDY_6MJ_ligands_seed0.sdf,,0,True,True,False,True,True,True,True,True,True,True,True,True,True,True,True,True,True,True,False
sigmadock_12h_pred\7ZHP_IQY__7ZHP_IQY_ligands_seed0.sdf,,0,True,True,False,True,True,True,True,True,True,True,True,False,False,False,True,True,True,True,False
sigmadock_12h_pred\7ZL5_IWE__7ZL5_IWE_ligands_seed0.sdf,,0,True,True,False,True,True,True,True,True,True,True,True,False,False,True,True,True,True,True,False
sigmadock_12h_pred\7ZTL_BCN__7ZTL_BCN_ligands_seed0.sdf,,0,True,True,False,True,True,True,True,True,True,True,True,True,True,True,True,True,True,True,False
sigmadock_12h_pred\7ZZW_KKW__7ZZW_KKW_ligands_seed0.sdf,,0,True,True,False,True,True,True,True,True,True,True,True,False,False,False,True,True,True,False,False
sigmadock_12h_pred\8A2D_KXY__8A2D_KXY_ligands_seed0.sdf,,0,True,True,False,True,True,True,True,True,True,True,False,False,False,False,True,True,True,False,False
sigmadock_12h_pred\8AEM_LVF__8AEM_LVF_ligands_seed0.sdf,,0,True,True,False,True,True,True,True,True,True,True,True,True,True,True,True,True,True,True,False
sigmadock_12h_pred\8AEU_M0L__8AEU_M0L_ligands_seed0.sdf,,0,True,True,False,True,True,True,True,True,True,True,True,True,False,False,True,True,True,True,False
sigmadock_12h_pred\8AIE_M7L__8AIE_M7L_ligands_seed0.sdf,,0,True,True,False,True,True,True,True,True,True,True,True,False,False,False,True,True,True,False,False
sigmadock_12h_pred\8AIJ_M9I__8AIJ_M9I_ligands_seed0.sdf,,0,True,True,False,True,True,True,True,True,True,True,True,False,False,True,True,True,True,True,False
sigmadock_12h_pred\8AJX_FUM__8AJX_FUM_ligands_seed0.sdf,,0,True,True,False,True,True,True,True,True,True,True,True,True,True,True,True,True,True,True,True
sigmadock_12h_pred\8AP0_PRP__8AP0_PRP_ligands_seed0.sdf,,0,True,True,False,True,True,True,True,True,True,True,True,True,True,True,True,True,True,True,False
sigmadock_12h_pred\8AUH_L9I__8AUH_L9I_ligands_seed0.sdf,,0,True,True,False,True,True,True,True,True,True,True,True,True,True,True,True,True,True,True,False
sigmadock_12h_pred\8AY3_OE3__8AY3_OE3_ligands_seed0.sdf,,0,True,True,False,True,True,True,True,True,True,True,True,False,False,True,True,True,True,True,False
sigmadock_12h_pred\8BRO_R7E__8BRO_R7E_ligands_seed0.sdf,,0,True,True,False,True,True,True,True,True,True,True,True,False,True,False,True,True,True,True,False
sigmadock_12h_pred\8C5D_GTB__8C5D_GTB_ligands_seed0.sdf,,0,True,True,False,True,True,True,True,True,True,True,True,False,False,False,True,True,True,False,False
sigmadock_12h_pred\8C5M_MTA__8C5M_MTA_ligands_seed0.sdf,,0,True,True,False,True,True,True,True,True,True,True,True,True,True,True,True,True,True,True,False
sigmadock_12h_pred\8C7Y_TXV__8C7Y_TXV_ligands_seed0.sdf,,0,True,True,False,True,True,True,True,True,True,True,True,False,False,False,True,True,True,False,False
sigmadock_12h_pred\8CGC_LMR__8CGC_LMR_ligands_seed0.sdf,,0,True,True,False,True,True,True,True,True,True,True,True,True,True,True,True,True,True,True,False
sigmadock_12h_pred\8CSD_C5P__8CSD_C5P_ligands_seed0.sdf,,0,True,True,False,True,True,True,True,True,True,True,True,False,False,False,True,True,True,False,False
sigmadock_12h_pred\8D39_QDB__8D39_QDB_ligands_seed0.sdf,,0,True,True,False,True,True,True,True,True,True,True,True,True,True,True,True,True,True,True,True
sigmadock_12h_pred\8D5D_5DK__8D5D_5DK_ligands_seed0.sdf,,0,True,True,False,True,True,True,True,True,True,True,True,False,False,False,True,True,True,False,False
sigmadock_12h_pred\8DHG_T78__8DHG_T78_ligands_seed0.sdf,,0,True,True,False,True,True,True,True,True,True,True,True,False,False,False,True,True,True,False,False
sigmadock_12h_pred\8DP2_UMA__8DP2_UMA_ligands_seed0.sdf,,0,True,True,False,True,True,True,True,True,True,True,False,False,False,False,True,True,True,False,False
sigmadock_12h_pred\8DZT_G4P__8DZT_G4P_ligands_seed0.sdf,,0,True,True,False,True,True,True,True,True,True,True,True,False,False,True,True,True,True,True,False
sigmadock_12h_pred\8EAB_VN2__8EAB_VN2_ligands_seed0.sdf,,0,True,True,False,True,True,True,True,True,True,True,True,False,False,False,True,True,True,False,False
sigmadock_12h_pred\8EAD_UY0__8EAD_UY0_ligands_seed0.sdf,,0,True,True,False,True,True,True,True,True,True,True,True,False,False,False,True,True,True,False,False
sigmadock_12h_pred\8ERS_WQO__8ERS_WQO_ligands_seed0.sdf,,0,True,True,False,True,True,True,True,True,True,True,True,True,True,True,True,True,True,True,False
sigmadock_12h_pred\8EX2_Q2Q__8EX2_Q2Q_ligands_seed0.sdf,,0,True,True,False,True,True,True,True,True,True,True,True,True,True,True,True,True,True,True,False
sigmadock_12h_pred\8EYE_X4I__8EYE_X4I_ligands_seed0.sdf,,0,True,True,False,True,True,True,True,True,True,True,True,False,False,False,True,True,True,False,False
sigmadock_12h_pred\8F8E_XJI__8F8E_XJI_ligands_seed0.sdf,,0,True,True,False,True,True,True,True,True,True,True,False,False,False,False,True,True,True,False,False
sigmadock_12h_pred\8FO5_Y4U__8FO5_Y4U_ligands_seed0.sdf,,0,True,True,False,True,True,True,True,True,True,True,True,True,False,False,True,True,True,True,False
sigmadock_12h_pred\8FV9_80J__8FV9_80J_ligands_seed0.sdf,,0,True,True,False,True,True,True,True,True,True,True,True,True,False,False,True,True,True,False,False
sigmadock_12h_pred\8HFN_XGC__8HFN_XGC_ligands_seed0.sdf,,0,True,True,False,True,True,True,True,True,True,True,False,False,False,False,True,True,True,False,False
sigmadock_12h_pred\8HO0_3ZI__8HO0_3ZI_ligands_seed0.sdf,,0,True,True,False,True,True,True,True,True,True,True,True,True,True,True,True,True,True,True,False
sigmadock_12h_pred\8SLG_G5A__8SLG_G5A_ligands_seed0.sdf,,0,True,True,False,True,True,True,True,True,True,True,True,False,False,True,True,True,True,True,True
